SNV	cluster0	cluster1	cluster2	cluster3	cluster4	cluster5	cluster6	cluster	dcf0	dcf1
345	0	0	0	0	0	0	0	4	0.6862084018907997	0.6785188132629031
346	0	0	0	0	0	0	0	1	0.346467	0.254503
347	0	0	0	0	0	0	0	5	0.6616940640119869	0.3396526755043133
340	0	0	0	0	0	0	0	5	0.6616940640119869	0.3396526755043133
341	0	0	0	0	0	0	0	5	0.6616940640119869	0.3396526755043133
343	0	0	0	0	0	0	0	4	0.6862084018907997	0.6785188132629031
348	0	0	0	0	0	0	0	6	0.4152370924513423	0.5920841916903207
349	0	0	0	0	0	0	0	5	0.6616940640119869	0.3396526755043133
2318	0	0	0	0	0	0	0	1	0.346467	0.254503
2319	0	0	0	0	0	0	0	1	0.346467	0.254503
2316	0	0	0	0	0	0	0	6	0.4152370924513423	0.5920841916903207
2315	0	0	0	0	0	0	0	4	0.6862084018907997	0.6785188132629031
2312	0	0	0	0	0	0	0	5	0.6616940640119869	0.3396526755043133
2310	0	0	0	0	0	0	0	1	0.346467	0.254503
299	0	0	0	0	0	0	0	5	0.6616940640119869	0.3396526755043133
296	0	0	0	0	0	0	0	5	0.6616940640119869	0.3396526755043133
297	0	0	0	0	0	0	0	1	0.346467	0.254503
294	0	0	0	0	0	0	0	5	0.6616940640119869	0.3396526755043133
295	0	0	0	0	0	0	0	5	0.6616940640119869	0.3396526755043133
291	0	0	0	0	0	0	0	6	0.4152370924513423	0.5920841916903207
271	0	0	0	0	0	0	0	1	0.346467	0.254503
273	0	0	0	0	0	0	0	5	0.6616940640119869	0.3396526755043133
275	0	0	0	0	0	0	0	1	0.346467	0.254503
276	0	0	0	0	0	0	0	1	0.346467	0.254503
277	0	0	0	0	0	0	0	6	0.4152370924513423	0.5920841916903207
278	0	0	0	0	0	0	0	1	0.346467	0.254503
279	0	0	0	0	0	0	0	6	0.4152370924513423	0.5920841916903207
2268	0	0	0	0	0	0	0	5	0.6616940640119869	0.3396526755043133
2269	0	0	0	0	0	0	0	5	0.6616940640119869	0.3396526755043133
2262	0	0	0	0	0	0	0	1	0.346467	0.254503
2261	0	0	0	0	0	0	0	1	0.346467	0.254503
2266	0	0	0	0	0	0	0	1	0.346467	0.254503
2267	0	0	0	0	0	0	0	4	0.6862084018907997	0.6785188132629031
2264	0	0	0	0	0	0	0	4	0.6862084018907997	0.6785188132629031
2265	0	0	0	0	0	0	0	4	0.6862084018907997	0.6785188132629031
2443	0	0	0	0	0	0	0	4	0.6862084018907997	0.6785188132629031
2440	0	0	0	0	0	0	0	1	0.346467	0.254503
2441	0	0	0	0	0	0	0	1	0.346467	0.254503
2446	0	0	0	0	0	0	0	6	0.4152370924513423	0.5920841916903207
2447	0	0	0	0	0	0	0	6	0.4152370924513423	0.5920841916903207
2444	0	0	0	0	0	0	0	6	0.4152370924513423	0.5920841916903207
2448	0	0	0	0	0	0	0	1	0.346467	0.254503
109	0	0	0	0	0	0	0	6	0.4152370924513423	0.5920841916903207
103	0	0	0	0	0	0	0	6	0.4152370924513423	0.5920841916903207
100	0	0	0	0	0	0	0	5	0.6616940640119869	0.3396526755043133
101	0	0	0	0	0	0	0	1	0.346467	0.254503
106	0	0	0	0	0	0	0	1	0.346467	0.254503
107	0	0	0	0	0	0	0	1	0.346467	0.254503
104	0	0	0	0	0	0	0	4	0.6862084018907997	0.6785188132629031
2046	0	0	0	0	0	0	0	5	0.6616940640119869	0.3396526755043133
2047	0	0	0	0	0	0	0	6	0.4152370924513423	0.5920841916903207
2045	0	0	0	0	0	0	0	5	0.6616940640119869	0.3396526755043133
2042	0	0	0	0	0	0	0	4	0.6862084018907997	0.6785188132629031
2040	0	0	0	0	0	0	0	6	0.4152370924513423	0.5920841916903207
2049	0	0	0	0	0	0	0	5	0.6616940640119869	0.3396526755043133
1001	0	0	0	0	0	0	0	1	0.346467	0.254503
2688	0	0	0	0	0	0	0	5	0.6616940640119869	0.3396526755043133
2689	0	0	0	0	0	0	0	4	0.6862084018907997	0.6785188132629031
2684	0	0	0	0	0	0	0	5	0.6616940640119869	0.3396526755043133
2687	0	0	0	0	0	0	0	1	0.346467	0.254503
2681	0	0	0	0	0	0	0	1	0.346467	0.254503
2682	0	0	0	0	0	0	0	4	0.6862084018907997	0.6785188132629031
2683	0	0	0	0	0	0	0	5	0.6616940640119869	0.3396526755043133
99	0	0	0	0	0	0	0	1	0.346467	0.254503
98	0	0	0	0	0	0	0	4	0.6862084018907997	0.6785188132629031
91	0	0	0	0	0	0	0	5	0.6616940640119869	0.3396526755043133
93	0	0	0	0	0	0	0	4	0.6862084018907997	0.6785188132629031
97	0	0	0	0	0	0	0	4	0.6862084018907997	0.6785188132629031
96	0	0	0	0	0	0	0	6	0.4152370924513423	0.5920841916903207
1623	0	0	0	0	0	0	0	6	0.4152370924513423	0.5920841916903207
1990	0	0	0	0	0	0	0	6	0.4152370924513423	0.5920841916903207
1621	0	0	0	0	0	0	0	4	0.6862084018907997	0.6785188132629031
1992	0	0	0	0	0	0	0	1	0.346467	0.254503
1627	0	0	0	0	0	0	0	1	0.346467	0.254503
1994	0	0	0	0	0	0	0	1	0.346467	0.254503
1625	0	0	0	0	0	0	0	5	0.6616940640119869	0.3396526755043133
1624	0	0	0	0	0	0	0	1	0.346467	0.254503
1998	0	0	0	0	0	0	0	5	0.6616940640119869	0.3396526755043133
1629	0	0	0	0	0	0	0	5	0.6616940640119869	0.3396526755043133
1628	0	0	0	0	0	0	0	5	0.6616940640119869	0.3396526755043133
559	0	0	0	0	0	0	0	1	0.346467	0.254503
555	0	0	0	0	0	0	0	1	0.346467	0.254503
554	0	0	0	0	0	0	0	1	0.346467	0.254503
557	0	0	0	0	0	0	0	6	0.4152370924513423	0.5920841916903207
556	0	0	0	0	0	0	0	4	0.6862084018907997	0.6785188132629031
550	0	0	0	0	0	0	0	1	0.346467	0.254503
552	0	0	0	0	0	0	0	6	0.4152370924513423	0.5920841916903207
2744	0	0	0	0	0	0	0	6	0.4152370924513423	0.5920841916903207
1199	0	0	0	0	0	0	0	6	0.4152370924513423	0.5920841916903207
1198	0	0	0	0	0	0	0	4	0.6862084018907997	0.6785188132629031
1190	0	0	0	0	0	0	0	6	0.4152370924513423	0.5920841916903207
1193	0	0	0	0	0	0	0	5	0.6616940640119869	0.3396526755043133
1192	0	0	0	0	0	0	0	1	0.346467	0.254503
1195	0	0	0	0	0	0	0	5	0.6616940640119869	0.3396526755043133
1759	0	0	0	0	0	0	0	6	0.4152370924513423	0.5920841916903207
1758	0	0	0	0	0	0	0	1	0.346467	0.254503
1754	0	0	0	0	0	0	0	6	0.4152370924513423	0.5920841916903207
1753	0	0	0	0	0	0	0	1	0.346467	0.254503
1752	0	0	0	0	0	0	0	2	0.346467	0.0
1751	0	0	0	0	0	0	0	1	0.346467	0.254503
1177	0	0	0	0	0	0	0	6	0.4152370924513423	0.5920841916903207
1175	0	0	0	0	0	0	0	1	0.346467	0.254503
1173	0	0	0	0	0	0	0	4	0.6862084018907997	0.6785188132629031
1170	0	0	0	0	0	0	0	1	0.346467	0.254503
1178	0	0	0	0	0	0	0	4	0.6862084018907997	0.6785188132629031
511	0	0	0	0	0	0	0	1	0.346467	0.254503
510	0	0	0	0	0	0	0	4	0.6862084018907997	0.6785188132629031
1284	0	0	0	0	0	0	0	1	0.346467	0.254503
1287	0	0	0	0	0	0	0	5	0.6616940640119869	0.3396526755043133
1286	0	0	0	0	0	0	0	1	0.346467	0.254503
1281	0	0	0	0	0	0	0	4	0.6862084018907997	0.6785188132629031
515	0	0	0	0	0	0	0	5	0.6616940640119869	0.3396526755043133
879	0	0	0	0	0	0	0	4	0.6862084018907997	0.6785188132629031
1289	0	0	0	0	0	0	0	1	0.346467	0.254503
1288	0	0	0	0	0	0	0	2	0.346467	0.0
514	0	0	0	0	0	0	0	1	0.346467	0.254503
1579	0	0	0	0	0	0	0	6	0.4152370924513423	0.5920841916903207
1578	0	0	0	0	0	0	0	1	0.346467	0.254503
689	0	0	0	0	0	0	0	6	0.4152370924513423	0.5920841916903207
688	0	0	0	0	0	0	0	6	0.4152370924513423	0.5920841916903207
685	0	0	0	0	0	0	0	6	0.4152370924513423	0.5920841916903207
684	0	0	0	0	0	0	0	1	0.346467	0.254503
687	0	0	0	0	0	0	0	5	0.6616940640119869	0.3396526755043133
1570	0	0	0	0	0	0	0	1	0.346467	0.254503
681	0	0	0	0	0	0	0	4	0.6862084018907997	0.6785188132629031
680	0	0	0	0	0	0	0	5	0.6616940640119869	0.3396526755043133
1575	0	0	0	0	0	0	0	4	0.6862084018907997	0.6785188132629031
1574	0	0	0	0	0	0	0	5	0.6616940640119869	0.3396526755043133
1349	0	0	0	0	0	0	0	5	0.6616940640119869	0.3396526755043133
873	0	0	0	0	0	0	0	4	0.6862084018907997	0.6785188132629031
1222	0	0	0	0	0	0	0	1	0.346467	0.254503
625	0	0	0	0	0	0	0	5	0.6616940640119869	0.3396526755043133
2743	0	0	0	0	0	0	0	4	0.6862084018907997	0.6785188132629031
407	0	0	0	0	0	0	0	6	0.4152370924513423	0.5920841916903207
406	0	0	0	0	0	0	0	1	0.346467	0.254503
405	0	0	0	0	0	0	0	5	0.6616940640119869	0.3396526755043133
1372	0	0	0	0	0	0	0	5	0.6616940640119869	0.3396526755043133
1375	0	0	0	0	0	0	0	1	0.346467	0.254503
1374	0	0	0	0	0	0	0	5	0.6616940640119869	0.3396526755043133
451	0	0	0	0	0	0	0	5	0.6616940640119869	0.3396526755043133
408	0	0	0	0	0	0	0	4	0.6862084018907997	0.6785188132629031
1343	0	0	0	0	0	0	0	4	0.6862084018907997	0.6785188132629031
2747	0	0	0	0	0	0	0	4	0.6862084018907997	0.6785188132629031
454	0	0	0	0	0	0	0	1	0.346467	0.254503
2749	0	0	0	0	0	0	0	6	0.4152370924513423	0.5920841916903207
2748	0	0	0	0	0	0	0	5	0.6616940640119869	0.3396526755043133
1347	0	0	0	0	0	0	0	4	0.6862084018907997	0.6785188132629031
375	0	0	0	0	0	0	0	4	0.6862084018907997	0.6785188132629031
374	0	0	0	0	0	0	0	6	0.4152370924513423	0.5920841916903207
376	0	0	0	0	0	0	0	1	0.346467	0.254503
1019	0	0	0	0	0	0	0	1	0.346467	0.254503
1244	0	0	0	0	0	0	0	4	0.6862084018907997	0.6785188132629031
393	0	0	0	0	0	0	0	1	0.346467	0.254503
392	0	0	0	0	0	0	0	6	0.4152370924513423	0.5920841916903207
391	0	0	0	0	0	0	0	6	0.4152370924513423	0.5920841916903207
395	0	0	0	0	0	0	0	1	0.346467	0.254503
394	0	0	0	0	0	0	0	1	0.346467	0.254503
2309	0	0	0	0	0	0	0	6	0.4152370924513423	0.5920841916903207
1247	0	0	0	0	0	0	0	1	0.346467	0.254503
2301	0	0	0	0	0	0	0	5	0.6616940640119869	0.3396526755043133
2300	0	0	0	0	0	0	0	1	0.346467	0.254503
2302	0	0	0	0	0	0	0	1	0.346467	0.254503
2304	0	0	0	0	0	0	0	1	0.346467	0.254503
2306	0	0	0	0	0	0	0	6	0.4152370924513423	0.5920841916903207
247	0	0	0	0	0	0	0	1	0.346467	0.254503
246	0	0	0	0	0	0	0	5	0.6616940640119869	0.3396526755043133
241	0	0	0	0	0	0	0	1	0.346467	0.254503
243	0	0	0	0	0	0	0	4	0.6862084018907997	0.6785188132629031
242	0	0	0	0	0	0	0	6	0.4152370924513423	0.5920841916903207
249	0	0	0	0	0	0	0	6	0.4152370924513423	0.5920841916903207
248	0	0	0	0	0	0	0	1	0.346467	0.254503
2270	0	0	0	0	0	0	0	4	0.6862084018907997	0.6785188132629031
2273	0	0	0	0	0	0	0	5	0.6616940640119869	0.3396526755043133
2272	0	0	0	0	0	0	0	5	0.6616940640119869	0.3396526755043133
2459	0	0	0	0	0	0	0	5	0.6616940640119869	0.3396526755043133
2458	0	0	0	0	0	0	0	6	0.4152370924513423	0.5920841916903207
2451	0	0	0	0	0	0	0	5	0.6616940640119869	0.3396526755043133
2450	0	0	0	0	0	0	0	5	0.6616940640119869	0.3396526755043133
2453	0	0	0	0	0	0	0	4	0.6862084018907997	0.6785188132629031
2452	0	0	0	0	0	0	0	5	0.6616940640119869	0.3396526755043133
179	0	0	0	0	0	0	0	5	0.6616940640119869	0.3396526755043133
178	0	0	0	0	0	0	0	4	0.6862084018907997	0.6785188132629031
177	0	0	0	0	0	0	0	6	0.4152370924513423	0.5920841916903207
176	0	0	0	0	0	0	0	1	0.346467	0.254503
175	0	0	0	0	0	0	0	5	0.6616940640119869	0.3396526755043133
174	0	0	0	0	0	0	0	5	0.6616940640119869	0.3396526755043133
173	0	0	0	0	0	0	0	1	0.346467	0.254503
172	0	0	0	0	0	0	0	5	0.6616940640119869	0.3396526755043133
2051	0	0	0	0	0	0	0	1	0.346467	0.254503
2050	0	0	0	0	0	0	0	1	0.346467	0.254503
2053	0	0	0	0	0	0	0	1	0.346467	0.254503
2052	0	0	0	0	0	0	0	4	0.6862084018907997	0.6785188132629031
2054	0	0	0	0	0	0	0	4	0.6862084018907997	0.6785188132629031
2057	0	0	0	0	0	0	0	4	0.6862084018907997	0.6785188132629031
1503	0	0	0	0	0	0	0	5	0.6616940640119869	0.3396526755043133
2058	0	0	0	0	0	0	0	4	0.6862084018907997	0.6785188132629031
654	0	0	0	0	0	0	0	5	0.6616940640119869	0.3396526755043133
1501	0	0	0	0	0	0	0	5	0.6616940640119869	0.3396526755043133
1506	0	0	0	0	0	0	0	4	0.6862084018907997	0.6785188132629031
1504	0	0	0	0	0	0	0	1	0.346467	0.254503
1601	0	0	0	0	0	0	0	4	0.6862084018907997	0.6785188132629031
2699	0	0	0	0	0	0	0	1	0.346467	0.254503
2698	0	0	0	0	0	0	0	4	0.6862084018907997	0.6785188132629031
2697	0	0	0	0	0	0	0	4	0.6862084018907997	0.6785188132629031
2695	0	0	0	0	0	0	0	6	0.4152370924513423	0.5920841916903207
2694	0	0	0	0	0	0	0	1	0.346467	0.254503
2693	0	0	0	0	0	0	0	5	0.6616940640119869	0.3396526755043133
1603	0	0	0	0	0	0	0	5	0.6616940640119869	0.3396526755043133
2691	0	0	0	0	0	0	0	5	0.6616940640119869	0.3396526755043133
1602	0	0	0	0	0	0	0	1	0.346467	0.254503
1606	0	0	0	0	0	0	0	4	0.6862084018907997	0.6785188132629031
1968	0	0	0	0	0	0	0	5	0.6616940640119869	0.3396526755043133
1618	0	0	0	0	0	0	0	1	0.346467	0.254503
1619	0	0	0	0	0	0	0	1	0.346467	0.254503
1964	0	0	0	0	0	0	0	6	0.4152370924513423	0.5920841916903207
1617	0	0	0	0	0	0	0	4	0.6862084018907997	0.6785188132629031
1966	0	0	0	0	0	0	0	4	0.6862084018907997	0.6785188132629031
1615	0	0	0	0	0	0	0	6	0.4152370924513423	0.5920841916903207
1960	0	0	0	0	0	0	0	6	0.4152370924513423	0.5920841916903207
1611	0	0	0	0	0	0	0	5	0.6616940640119869	0.3396526755043133
1768	0	0	0	0	0	0	0	5	0.6616940640119869	0.3396526755043133
1762	0	0	0	0	0	0	0	6	0.4152370924513423	0.5920841916903207
1760	0	0	0	0	0	0	0	4	0.6862084018907997	0.6785188132629031
1761	0	0	0	0	0	0	0	6	0.4152370924513423	0.5920841916903207
1767	0	0	0	0	0	0	0	1	0.346467	0.254503
1765	0	0	0	0	0	0	0	1	0.346467	0.254503
1142	0	0	0	0	0	0	0	1	0.346467	0.254503
1146	0	0	0	0	0	0	0	6	0.4152370924513423	0.5920841916903207
1144	0	0	0	0	0	0	0	5	0.6616940640119869	0.3396526755043133
1148	0	0	0	0	0	0	0	1	0.346467	0.254503
1149	0	0	0	0	0	0	0	5	0.6616940640119869	0.3396526755043133
692	0	0	0	0	0	0	0	6	0.4152370924513423	0.5920841916903207
1544	0	0	0	0	0	0	0	5	0.6616940640119869	0.3396526755043133
1545	0	0	0	0	0	0	0	4	0.6862084018907997	0.6785188132629031
1542	0	0	0	0	0	0	0	1	0.346467	0.254503
1543	0	0	0	0	0	0	0	5	0.6616940640119869	0.3396526755043133
695	0	0	0	0	0	0	0	5	0.6616940640119869	0.3396526755043133
698	0	0	0	0	0	0	0	4	0.6862084018907997	0.6785188132629031
699	0	0	0	0	0	0	0	6	0.4152370924513423	0.5920841916903207
1548	0	0	0	0	0	0	0	5	0.6616940640119869	0.3396526755043133
1549	0	0	0	0	0	0	0	1	0.346467	0.254503
543	0	0	0	0	0	0	0	1	0.346467	0.254503
2382	0	0	0	0	0	0	0	1	0.346467	0.254503
547	0	0	0	0	0	0	0	5	0.6616940640119869	0.3396526755043133
544	0	0	0	0	0	0	0	4	0.6862084018907997	0.6785188132629031
1782	0	0	0	0	0	0	0	2	0.346467	0.0
761	0	0	0	0	0	0	0	5	0.6616940640119869	0.3396526755043133
764	0	0	0	0	0	0	0	5	0.6616940640119869	0.3396526755043133
414	0	0	0	0	0	0	0	1	0.346467	0.254503
416	0	0	0	0	0	0	0	4	0.6862084018907997	0.6785188132629031
417	0	0	0	0	0	0	0	5	0.6616940640119869	0.3396526755043133
410	0	0	0	0	0	0	0	6	0.4152370924513423	0.5920841916903207
1389	0	0	0	0	0	0	0	4	0.6862084018907997	0.6785188132629031
1385	0	0	0	0	0	0	0	1	0.346467	0.254503
1381	0	0	0	0	0	0	0	4	0.6862084018907997	0.6785188132629031
1382	0	0	0	0	0	0	0	6	0.4152370924513423	0.5920841916903207
1383	0	0	0	0	0	0	0	1	0.346467	0.254503
368	0	0	0	0	0	0	0	4	0.6862084018907997	0.6785188132629031
367	0	0	0	0	0	0	0	5	0.6616940640119869	0.3396526755043133
364	0	0	0	0	0	0	0	1	0.346467	0.254503
365	0	0	0	0	0	0	0	5	0.6616940640119869	0.3396526755043133
362	0	0	0	0	0	0	0	4	0.6862084018907997	0.6785188132629031
363	0	0	0	0	0	0	0	5	0.6616940640119869	0.3396526755043133
360	0	0	0	0	0	0	0	1	0.346467	0.254503
380	0	0	0	0	0	0	0	5	0.6616940640119869	0.3396526755043133
383	0	0	0	0	0	0	0	6	0.4152370924513423	0.5920841916903207
384	0	0	0	0	0	0	0	5	0.6616940640119869	0.3396526755043133
385	0	0	0	0	0	0	0	4	0.6862084018907997	0.6785188132629031
388	0	0	0	0	0	0	0	5	0.6616940640119869	0.3396526755043133
389	0	0	0	0	0	0	0	1	0.346467	0.254503
2191	0	0	0	0	0	0	0	1	0.346467	0.254503
258	0	0	0	0	0	0	0	1	0.346467	0.254503
259	0	0	0	0	0	0	0	4	0.6862084018907997	0.6785188132629031
2194	0	0	0	0	0	0	0	1	0.346467	0.254503
2195	0	0	0	0	0	0	0	4	0.6862084018907997	0.6785188132629031
2196	0	0	0	0	0	0	0	4	0.6862084018907997	0.6785188132629031
2197	0	0	0	0	0	0	0	1	0.346467	0.254503
2198	0	0	0	0	0	0	0	5	0.6616940640119869	0.3396526755043133
253	0	0	0	0	0	0	0	1	0.346467	0.254503
251	0	0	0	0	0	0	0	5	0.6616940640119869	0.3396526755043133
256	0	0	0	0	0	0	0	5	0.6616940640119869	0.3396526755043133
257	0	0	0	0	0	0	0	4	0.6862084018907997	0.6785188132629031
254	0	0	0	0	0	0	0	5	0.6616940640119869	0.3396526755043133
255	0	0	0	0	0	0	0	5	0.6616940640119869	0.3396526755043133
2201	0	0	0	0	0	0	0	1	0.346467	0.254503
2202	0	0	0	0	0	0	0	1	0.346467	0.254503
2204	0	0	0	0	0	0	0	5	0.6616940640119869	0.3396526755043133
2205	0	0	0	0	0	0	0	4	0.6862084018907997	0.6785188132629031
2207	0	0	0	0	0	0	0	5	0.6616940640119869	0.3396526755043133
2208	0	0	0	0	0	0	0	5	0.6616940640119869	0.3396526755043133
2209	0	0	0	0	0	0	0	6	0.4152370924513423	0.5920841916903207
2428	0	0	0	0	0	0	0	4	0.6862084018907997	0.6785188132629031
2429	0	0	0	0	0	0	0	5	0.6616940640119869	0.3396526755043133
2420	0	0	0	0	0	0	0	4	0.6862084018907997	0.6785188132629031
2422	0	0	0	0	0	0	0	4	0.6862084018907997	0.6785188132629031
2423	0	0	0	0	0	0	0	1	0.346467	0.254503
900	0	0	0	0	0	0	0	1	0.346467	0.254503
2426	0	0	0	0	0	0	0	5	0.6616940640119869	0.3396526755043133
2427	0	0	0	0	0	0	0	6	0.4152370924513423	0.5920841916903207
2432	0	0	0	0	0	0	0	1	0.346467	0.254503
1848	0	0	0	0	0	0	0	5	0.6616940640119869	0.3396526755043133
169	0	0	0	0	0	0	0	4	0.6862084018907997	0.6785188132629031
164	0	0	0	0	0	0	0	4	0.6862084018907997	0.6785188132629031
165	0	0	0	0	0	0	0	6	0.4152370924513423	0.5920841916903207
167	0	0	0	0	0	0	0	4	0.6862084018907997	0.6785188132629031
2518	0	0	0	0	0	0	0	1	0.346467	0.254503
2514	0	0	0	0	0	0	0	1	0.346467	0.254503
2515	0	0	0	0	0	0	0	1	0.346467	0.254503
2516	0	0	0	0	0	0	0	5	0.6616940640119869	0.3396526755043133
2517	0	0	0	0	0	0	0	5	0.6616940640119869	0.3396526755043133
2513	0	0	0	0	0	0	0	6	0.4152370924513423	0.5920841916903207
2734	0	0	0	0	0	0	0	5	0.6616940640119869	0.3396526755043133
2731	0	0	0	0	0	0	0	4	0.6862084018907997	0.6785188132629031
2732	0	0	0	0	0	0	0	4	0.6862084018907997	0.6785188132629031
2739	0	0	0	0	0	0	0	1	0.346467	0.254503
678	0	0	0	0	0	0	0	4	0.6862084018907997	0.6785188132629031
679	0	0	0	0	0	0	0	1	0.346467	0.254503
1814	0	0	0	0	0	0	0	1	0.346467	0.254503
1815	0	0	0	0	0	0	0	6	0.4152370924513423	0.5920841916903207
1817	0	0	0	0	0	0	0	6	0.4152370924513423	0.5920841916903207
1810	0	0	0	0	0	0	0	1	0.346467	0.254503
1812	0	0	0	0	0	0	0	5	0.6616940640119869	0.3396526755043133
1813	0	0	0	0	0	0	0	4	0.6862084018907997	0.6785188132629031
1818	0	0	0	0	0	0	0	4	0.6862084018907997	0.6785188132629031
670	0	0	0	0	0	0	0	6	0.4152370924513423	0.5920841916903207
1609	0	0	0	0	0	0	0	5	0.6616940640119869	0.3396526755043133
1608	0	0	0	0	0	0	0	6	0.4152370924513423	0.5920841916903207
1979	0	0	0	0	0	0	0	4	0.6862084018907997	0.6785188132629031
1978	0	0	0	0	0	0	0	4	0.6862084018907997	0.6785188132629031
1977	0	0	0	0	0	0	0	4	0.6862084018907997	0.6785188132629031
1600	0	0	0	0	0	0	0	1	0.346467	0.254503
1975	0	0	0	0	0	0	0	6	0.4152370924513423	0.5920841916903207
1974	0	0	0	0	0	0	0	6	0.4152370924513423	0.5920841916903207
1972	0	0	0	0	0	0	0	5	0.6616940640119869	0.3396526755043133
1971	0	0	0	0	0	0	0	6	0.4152370924513423	0.5920841916903207
1970	0	0	0	0	0	0	0	1	0.346467	0.254503
809	0	0	0	0	0	0	0	1	0.346467	0.254503
808	0	0	0	0	0	0	0	5	0.6616940640119869	0.3396526755043133
802	0	0	0	0	0	0	0	1	0.346467	0.254503
801	0	0	0	0	0	0	0	6	0.4152370924513423	0.5920841916903207
806	0	0	0	0	0	0	0	5	0.6616940640119869	0.3396526755043133
805	0	0	0	0	0	0	0	6	0.4152370924513423	0.5920841916903207
1774	0	0	0	0	0	0	0	5	0.6616940640119869	0.3396526755043133
1777	0	0	0	0	0	0	0	5	0.6616940640119869	0.3396526755043133
1776	0	0	0	0	0	0	0	1	0.346467	0.254503
1771	0	0	0	0	0	0	0	4	0.6862084018907997	0.6785188132629031
1773	0	0	0	0	0	0	0	1	0.346467	0.254503
1772	0	0	0	0	0	0	0	1	0.346467	0.254503
1779	0	0	0	0	0	0	0	1	0.346467	0.254503
1159	0	0	0	0	0	0	0	6	0.4152370924513423	0.5920841916903207
1158	0	0	0	0	0	0	0	4	0.6862084018907997	0.6785188132629031
1155	0	0	0	0	0	0	0	4	0.6862084018907997	0.6785188132629031
1154	0	0	0	0	0	0	0	6	0.4152370924513423	0.5920841916903207
1157	0	0	0	0	0	0	0	5	0.6616940640119869	0.3396526755043133
1150	0	0	0	0	0	0	0	1	0.346467	0.254503
1153	0	0	0	0	0	0	0	4	0.6862084018907997	0.6785188132629031
1551	0	0	0	0	0	0	0	6	0.4152370924513423	0.5920841916903207
1550	0	0	0	0	0	0	0	6	0.4152370924513423	0.5920841916903207
1552	0	0	0	0	0	0	0	5	0.6616940640119869	0.3396526755043133
1555	0	0	0	0	0	0	0	1	0.346467	0.254503
58	0	0	0	0	0	0	0	4	0.6862084018907997	0.6785188132629031
1557	0	0	0	0	0	0	0	1	0.346467	0.254503
1559	0	0	0	0	0	0	0	6	0.4152370924513423	0.5920841916903207
54	0	0	0	0	0	0	0	1	0.346467	0.254503
56	0	0	0	0	0	0	0	6	0.4152370924513423	0.5920841916903207
51	0	0	0	0	0	0	0	6	0.4152370924513423	0.5920841916903207
50	0	0	0	0	0	0	0	6	0.4152370924513423	0.5920841916903207
53	0	0	0	0	0	0	0	5	0.6616940640119869	0.3396526755043133
52	0	0	0	0	0	0	0	1	0.346467	0.254503
537	0	0	0	0	0	0	0	1	0.346467	0.254503
55	0	0	0	0	0	0	0	6	0.4152370924513423	0.5920841916903207
535	0	0	0	0	0	0	0	4	0.6862084018907997	0.6785188132629031
533	0	0	0	0	0	0	0	1	0.346467	0.254503
532	0	0	0	0	0	0	0	1	0.346467	0.254503
531	0	0	0	0	0	0	0	5	0.6616940640119869	0.3396526755043133
1558	0	0	0	0	0	0	0	5	0.6616940640119869	0.3396526755043133
539	0	0	0	0	0	0	0	4	0.6862084018907997	0.6785188132629031
538	0	0	0	0	0	0	0	1	0.346467	0.254503
536	0	0	0	0	0	0	0	5	0.6616940640119869	0.3396526755043133
1399	0	0	0	0	0	0	0	1	0.346467	0.254503
1398	0	0	0	0	0	0	0	6	0.4152370924513423	0.5920841916903207
1397	0	0	0	0	0	0	0	5	0.6616940640119869	0.3396526755043133
420	0	0	0	0	0	0	0	4	0.6862084018907997	0.6785188132629031
1395	0	0	0	0	0	0	0	4	0.6862084018907997	0.6785188132629031
1394	0	0	0	0	0	0	0	4	0.6862084018907997	0.6785188132629031
1392	0	0	0	0	0	0	0	1	0.346467	0.254503
853	0	0	0	0	0	0	0	5	0.6616940640119869	0.3396526755043133
1321	0	0	0	0	0	0	0	6	0.4152370924513423	0.5920841916903207
2183	0	0	0	0	0	0	0	2	0.346467	0.0
2181	0	0	0	0	0	0	0	5	0.6616940640119869	0.3396526755043133
2180	0	0	0	0	0	0	0	1	0.346467	0.254503
2187	0	0	0	0	0	0	0	6	0.4152370924513423	0.5920841916903207
2186	0	0	0	0	0	0	0	1	0.346467	0.254503
228	0	0	0	0	0	0	0	5	0.6616940640119869	0.3396526755043133
227	0	0	0	0	0	0	0	4	0.6862084018907997	0.6785188132629031
2189	0	0	0	0	0	0	0	5	0.6616940640119869	0.3396526755043133
224	0	0	0	0	0	0	0	1	0.346467	0.254503
223	0	0	0	0	0	0	0	4	0.6862084018907997	0.6785188132629031
221	0	0	0	0	0	0	0	1	0.346467	0.254503
2213	0	0	0	0	0	0	0	4	0.6862084018907997	0.6785188132629031
2212	0	0	0	0	0	0	0	1	0.346467	0.254503
2211	0	0	0	0	0	0	0	6	0.4152370924513423	0.5920841916903207
2210	0	0	0	0	0	0	0	1	0.346467	0.254503
2215	0	0	0	0	0	0	0	1	0.346467	0.254503
2214	0	0	0	0	0	0	0	1	0.346467	0.254503
2230	0	0	0	0	0	0	0	1	0.346467	0.254503
150	0	0	0	0	0	0	0	4	0.6862084018907997	0.6785188132629031
2439	0	0	0	0	0	0	0	1	0.346467	0.254503
155	0	0	0	0	0	0	0	1	0.346467	0.254503
154	0	0	0	0	0	0	0	5	0.6616940640119869	0.3396526755043133
157	0	0	0	0	0	0	0	1	0.346467	0.254503
156	0	0	0	0	0	0	0	1	0.346467	0.254503
159	0	0	0	0	0	0	0	5	0.6616940640119869	0.3396526755043133
158	0	0	0	0	0	0	0	6	0.4152370924513423	0.5920841916903207
2430	0	0	0	0	0	0	0	1	0.346467	0.254503
2434	0	0	0	0	0	0	0	1	0.346467	0.254503
2508	0	0	0	0	0	0	0	1	0.346467	0.254503
2507	0	0	0	0	0	0	0	1	0.346467	0.254503
2505	0	0	0	0	0	0	0	4	0.6862084018907997	0.6785188132629031
2504	0	0	0	0	0	0	0	1	0.346467	0.254503
2502	0	0	0	0	0	0	0	6	0.4152370924513423	0.5920841916903207
2501	0	0	0	0	0	0	0	1	0.346467	0.254503
2500	0	0	0	0	0	0	0	5	0.6616940640119869	0.3396526755043133
2726	0	0	0	0	0	0	0	4	0.6862084018907997	0.6785188132629031
2725	0	0	0	0	0	0	0	1	0.346467	0.254503
2723	0	0	0	0	0	0	0	4	0.6862084018907997	0.6785188132629031
2722	0	0	0	0	0	0	0	1	0.346467	0.254503
2721	0	0	0	0	0	0	0	6	0.4152370924513423	0.5920841916903207
2728	0	0	0	0	0	0	0	1	0.346467	0.254503
2199	0	0	0	0	0	0	0	5	0.6616940640119869	0.3396526755043133
1805	0	0	0	0	0	0	0	6	0.4152370924513423	0.5920841916903207
1804	0	0	0	0	0	0	0	4	0.6862084018907997	0.6785188132629031
1948	0	0	0	0	0	0	0	5	0.6616940640119869	0.3396526755043133
690	0	0	0	0	0	0	0	4	0.6862084018907997	0.6785188132629031
1942	0	0	0	0	0	0	0	1	0.346467	0.254503
1943	0	0	0	0	0	0	0	1	0.346467	0.254503
1940	0	0	0	0	0	0	0	6	0.4152370924513423	0.5920841916903207
1947	0	0	0	0	0	0	0	1	0.346467	0.254503
1944	0	0	0	0	0	0	0	5	0.6616940640119869	0.3396526755043133
818	0	0	0	0	0	0	0	1	0.346467	0.254503
0	0	0	0	0	0	0	0	1	0.346467	0.254503
1255	0	0	0	0	0	0	0	1	0.346467	0.254503
811	0	0	0	0	0	0	0	1	0.346467	0.254503
812	0	0	0	0	0	0	0	4	0.6862084018907997	0.6785188132629031
813	0	0	0	0	0	0	0	2	0.346467	0.0
815	0	0	0	0	0	0	0	4	0.6862084018907997	0.6785188132629031
816	0	0	0	0	0	0	0	5	0.6616940640119869	0.3396526755043133
817	0	0	0	0	0	0	0	5	0.6616940640119869	0.3396526755043133
1250	0	0	0	0	0	0	0	6	0.4152370924513423	0.5920841916903207
1622	0	0	0	0	0	0	0	5	0.6616940640119869	0.3396526755043133
1491	0	0	0	0	0	0	0	5	0.6616940640119869	0.3396526755043133
1496	0	0	0	0	0	0	0	6	0.4152370924513423	0.5920841916903207
1497	0	0	0	0	0	0	0	6	0.4152370924513423	0.5920841916903207
423	0	0	0	0	0	0	0	6	0.4152370924513423	0.5920841916903207
1700	0	0	0	0	0	0	0	1	0.346467	0.254503
1701	0	0	0	0	0	0	0	6	0.4152370924513423	0.5920841916903207
1702	0	0	0	0	0	0	0	5	0.6616940640119869	0.3396526755043133
1704	0	0	0	0	0	0	0	1	0.346467	0.254503
1705	0	0	0	0	0	0	0	1	0.346467	0.254503
1706	0	0	0	0	0	0	0	5	0.6616940640119869	0.3396526755043133
1707	0	0	0	0	0	0	0	6	0.4152370924513423	0.5920841916903207
1708	0	0	0	0	0	0	0	6	0.4152370924513423	0.5920841916903207
1996	0	0	0	0	0	0	0	4	0.6862084018907997	0.6785188132629031
424	0	0	0	0	0	0	0	4	0.6862084018907997	0.6785188132629031
1128	0	0	0	0	0	0	0	6	0.4152370924513423	0.5920841916903207
1129	0	0	0	0	0	0	0	5	0.6616940640119869	0.3396526755043133
1120	0	0	0	0	0	0	0	1	0.346467	0.254503
1121	0	0	0	0	0	0	0	5	0.6616940640119869	0.3396526755043133
1123	0	0	0	0	0	0	0	4	0.6862084018907997	0.6785188132629031
1125	0	0	0	0	0	0	0	1	0.346467	0.254503
1126	0	0	0	0	0	0	0	1	0.346467	0.254503
1127	0	0	0	0	0	0	0	4	0.6862084018907997	0.6785188132629031
524	0	0	0	0	0	0	0	1	0.346467	0.254503
525	0	0	0	0	0	0	0	1	0.346467	0.254503
526	0	0	0	0	0	0	0	1	0.346467	0.254503
527	0	0	0	0	0	0	0	1	0.346467	0.254503
520	0	0	0	0	0	0	0	1	0.346467	0.254503
521	0	0	0	0	0	0	0	4	0.6862084018907997	0.6785188132629031
522	0	0	0	0	0	0	0	5	0.6616940640119869	0.3396526755043133
523	0	0	0	0	0	0	0	1	0.346467	0.254503
1014	0	0	0	0	0	0	0	4	0.6862084018907997	0.6785188132629031
1016	0	0	0	0	0	0	0	5	0.6616940640119869	0.3396526755043133
528	0	0	0	0	0	0	0	6	0.4152370924513423	0.5920841916903207
1011	0	0	0	0	0	0	0	6	0.4152370924513423	0.5920841916903207
1012	0	0	0	0	0	0	0	5	0.6616940640119869	0.3396526755043133
1236	0	0	0	0	0	0	0	5	0.6616940640119869	0.3396526755043133
1230	0	0	0	0	0	0	0	5	0.6616940640119869	0.3396526755043133
1231	0	0	0	0	0	0	0	1	0.346467	0.254503
1238	0	0	0	0	0	0	0	6	0.4152370924513423	0.5920841916903207
1239	0	0	0	0	0	0	0	4	0.6862084018907997	0.6785188132629031
2526	0	0	0	0	0	0	0	6	0.4152370924513423	0.5920841916903207
439	0	0	0	0	0	0	0	1	0.346467	0.254503
436	0	0	0	0	0	0	0	6	0.4152370924513423	0.5920841916903207
437	0	0	0	0	0	0	0	1	0.346467	0.254503
434	0	0	0	0	0	0	0	5	0.6616940640119869	0.3396526755043133
431	0	0	0	0	0	0	0	1	0.346467	0.254503
1967	0	0	0	0	0	0	0	4	0.6862084018907997	0.6785188132629031
2467	0	0	0	0	0	0	0	4	0.6862084018907997	0.6785188132629031
234	0	0	0	0	0	0	0	5	0.6616940640119869	0.3396526755043133
2460	0	0	0	0	0	0	0	5	0.6616940640119869	0.3396526755043133
236	0	0	0	0	0	0	0	4	0.6862084018907997	0.6785188132629031
230	0	0	0	0	0	0	0	4	0.6862084018907997	0.6785188132629031
231	0	0	0	0	0	0	0	1	0.346467	0.254503
233	0	0	0	0	0	0	0	5	0.6616940640119869	0.3396526755043133
2462	0	0	0	0	0	0	0	1	0.346467	0.254503
2228	0	0	0	0	0	0	0	1	0.346467	0.254503
2229	0	0	0	0	0	0	0	1	0.346467	0.254503
2227	0	0	0	0	0	0	0	1	0.346467	0.254503
2222	0	0	0	0	0	0	0	5	0.6616940640119869	0.3396526755043133
2220	0	0	0	0	0	0	0	4	0.6862084018907997	0.6785188132629031
146	0	0	0	0	0	0	0	5	0.6616940640119869	0.3396526755043133
147	0	0	0	0	0	0	0	4	0.6862084018907997	0.6785188132629031
143	0	0	0	0	0	0	0	5	0.6616940640119869	0.3396526755043133
140	0	0	0	0	0	0	0	6	0.4152370924513423	0.5920841916903207
141	0	0	0	0	0	0	0	6	0.4152370924513423	0.5920841916903207
149	0	0	0	0	0	0	0	5	0.6616940640119869	0.3396526755043133
2089	0	0	0	0	0	0	0	1	0.346467	0.254503
2082	0	0	0	0	0	0	0	1	0.346467	0.254503
2080	0	0	0	0	0	0	0	1	0.346467	0.254503
2084	0	0	0	0	0	0	0	6	0.4152370924513423	0.5920841916903207
2085	0	0	0	0	0	0	0	1	0.346467	0.254503
2538	0	0	0	0	0	0	0	5	0.6616940640119869	0.3396526755043133
2532	0	0	0	0	0	0	0	5	0.6616940640119869	0.3396526755043133
2533	0	0	0	0	0	0	0	1	0.346467	0.254503
2530	0	0	0	0	0	0	0	1	0.346467	0.254503
2531	0	0	0	0	0	0	0	1	0.346467	0.254503
2536	0	0	0	0	0	0	0	2	0.346467	0.0
2537	0	0	0	0	0	0	0	5	0.6616940640119869	0.3396526755043133
2534	0	0	0	0	0	0	0	6	0.4152370924513423	0.5920841916903207
2535	0	0	0	0	0	0	0	1	0.346467	0.254503
2713	0	0	0	0	0	0	0	4	0.6862084018907997	0.6785188132629031
2710	0	0	0	0	0	0	0	5	0.6616940640119869	0.3396526755043133
2711	0	0	0	0	0	0	0	1	0.346467	0.254503
2716	0	0	0	0	0	0	0	6	0.4152370924513423	0.5920841916903207
2715	0	0	0	0	0	0	0	6	0.4152370924513423	0.5920841916903207
2718	0	0	0	0	0	0	0	4	0.6862084018907997	0.6785188132629031
2719	0	0	0	0	0	0	0	4	0.6862084018907997	0.6785188132629031
1833	0	0	0	0	0	0	0	4	0.6862084018907997	0.6785188132629031
1830	0	0	0	0	0	0	0	5	0.6616940640119869	0.3396526755043133
1831	0	0	0	0	0	0	0	1	0.346467	0.254503
1834	0	0	0	0	0	0	0	1	0.346467	0.254503
1839	0	0	0	0	0	0	0	1	0.346467	0.254503
2154	0	0	0	0	0	0	0	1	0.346467	0.254503
2155	0	0	0	0	0	0	0	5	0.6616940640119869	0.3396526755043133
939	0	0	0	0	0	0	0	4	0.6862084018907997	0.6785188132629031
2403	0	0	0	0	0	0	0	5	0.6616940640119869	0.3396526755043133
2152	0	0	0	0	0	0	0	6	0.4152370924513423	0.5920841916903207
2401	0	0	0	0	0	0	0	1	0.346467	0.254503
933	0	0	0	0	0	0	0	6	0.4152370924513423	0.5920841916903207
932	0	0	0	0	0	0	0	5	0.6616940640119869	0.3396526755043133
931	0	0	0	0	0	0	0	1	0.346467	0.254503
930	0	0	0	0	0	0	0	6	0.4152370924513423	0.5920841916903207
937	0	0	0	0	0	0	0	1	0.346467	0.254503
2159	0	0	0	0	0	0	0	5	0.6616940640119869	0.3396526755043133
934	0	0	0	0	0	0	0	4	0.6862084018907997	0.6785188132629031
1957	0	0	0	0	0	0	0	1	0.346467	0.254503
1956	0	0	0	0	0	0	0	6	0.4152370924513423	0.5920841916903207
1951	0	0	0	0	0	0	0	5	0.6616940640119869	0.3396526755043133
1953	0	0	0	0	0	0	0	1	0.346467	0.254503
1952	0	0	0	0	0	0	0	1	0.346467	0.254503
829	0	0	0	0	0	0	0	6	0.4152370924513423	0.5920841916903207
824	0	0	0	0	0	0	0	6	0.4152370924513423	0.5920841916903207
826	0	0	0	0	0	0	0	4	0.6862084018907997	0.6785188132629031
821	0	0	0	0	0	0	0	5	0.6616940640119869	0.3396526755043133
823	0	0	0	0	0	0	0	6	0.4152370924513423	0.5920841916903207
822	0	0	0	0	0	0	0	4	0.6862084018907997	0.6785188132629031
1536	0	0	0	0	0	0	0	6	0.4152370924513423	0.5920841916903207
1483	0	0	0	0	0	0	0	6	0.4152370924513423	0.5920841916903207
1482	0	0	0	0	0	0	0	1	0.346467	0.254503
1480	0	0	0	0	0	0	0	5	0.6616940640119869	0.3396526755043133
1486	0	0	0	0	0	0	0	5	0.6616940640119869	0.3396526755043133
1484	0	0	0	0	0	0	0	4	0.6862084018907997	0.6785188132629031
1489	0	0	0	0	0	0	0	5	0.6616940640119869	0.3396526755043133
1488	0	0	0	0	0	0	0	1	0.346467	0.254503
797	0	0	0	0	0	0	0	4	0.6862084018907997	0.6785188132629031
796	0	0	0	0	0	0	0	5	0.6616940640119869	0.3396526755043133
795	0	0	0	0	0	0	0	1	0.346467	0.254503
794	0	0	0	0	0	0	0	6	0.4152370924513423	0.5920841916903207
1717	0	0	0	0	0	0	0	5	0.6616940640119869	0.3396526755043133
791	0	0	0	0	0	0	0	4	0.6862084018907997	0.6785188132629031
799	0	0	0	0	0	0	0	5	0.6616940640119869	0.3396526755043133
798	0	0	0	0	0	0	0	5	0.6616940640119869	0.3396526755043133
1270	0	0	0	0	0	0	0	5	0.6616940640119869	0.3396526755043133
1139	0	0	0	0	0	0	0	6	0.4152370924513423	0.5920841916903207
1133	0	0	0	0	0	0	0	4	0.6862084018907997	0.6785188132629031
1132	0	0	0	0	0	0	0	4	0.6862084018907997	0.6785188132629031
1131	0	0	0	0	0	0	0	4	0.6862084018907997	0.6785188132629031
1130	0	0	0	0	0	0	0	4	0.6862084018907997	0.6785188132629031
1137	0	0	0	0	0	0	0	6	0.4152370924513423	0.5920841916903207
1136	0	0	0	0	0	0	0	5	0.6616940640119869	0.3396526755043133
1135	0	0	0	0	0	0	0	6	0.4152370924513423	0.5920841916903207
2419	0	0	0	0	0	0	0	4	0.6862084018907997	0.6785188132629031
1276	0	0	0	0	0	0	0	4	0.6862084018907997	0.6785188132629031
2418	0	0	0	0	0	0	0	4	0.6862084018907997	0.6785188132629031
519	0	0	0	0	0	0	0	4	0.6862084018907997	0.6785188132629031
1009	0	0	0	0	0	0	0	5	0.6616940640119869	0.3396526755043133
1007	0	0	0	0	0	0	0	1	0.346467	0.254503
1006	0	0	0	0	0	0	0	4	0.6862084018907997	0.6785188132629031
1005	0	0	0	0	0	0	0	6	0.4152370924513423	0.5920841916903207
1004	0	0	0	0	0	0	0	4	0.6862084018907997	0.6785188132629031
1003	0	0	0	0	0	0	0	1	0.346467	0.254503
1002	0	0	0	0	0	0	0	6	0.4152370924513423	0.5920841916903207
517	0	0	0	0	0	0	0	6	0.4152370924513423	0.5920841916903207
516	0	0	0	0	0	0	0	1	0.346467	0.254503
1227	0	0	0	0	0	0	0	6	0.4152370924513423	0.5920841916903207
1226	0	0	0	0	0	0	0	5	0.6616940640119869	0.3396526755043133
621	0	0	0	0	0	0	0	4	0.6862084018907997	0.6785188132629031
1224	0	0	0	0	0	0	0	4	0.6862084018907997	0.6785188132629031
627	0	0	0	0	0	0	0	6	0.4152370924513423	0.5920841916903207
626	0	0	0	0	0	0	0	4	0.6862084018907997	0.6785188132629031
1221	0	0	0	0	0	0	0	4	0.6862084018907997	0.6785188132629031
1220	0	0	0	0	0	0	0	4	0.6862084018907997	0.6785188132629031
628	0	0	0	0	0	0	0	5	0.6616940640119869	0.3396526755043133
1229	0	0	0	0	0	0	0	4	0.6862084018907997	0.6785188132629031
1228	0	0	0	0	0	0	0	1	0.346467	0.254503
10	0	0	0	0	0	0	0	1	0.346467	0.254503
13	0	0	0	0	0	0	0	1	0.346467	0.254503
12	0	0	0	0	0	0	0	6	0.4152370924513423	0.5920841916903207
15	0	0	0	0	0	0	0	6	0.4152370924513423	0.5920841916903207
14	0	0	0	0	0	0	0	5	0.6616940640119869	0.3396526755043133
17	0	0	0	0	0	0	0	6	0.4152370924513423	0.5920841916903207
16	0	0	0	0	0	0	0	6	0.4152370924513423	0.5920841916903207
19	0	0	0	0	0	0	0	1	0.346467	0.254503
18	0	0	0	0	0	0	0	5	0.6616940640119869	0.3396526755043133
928	0	0	0	0	0	0	0	4	0.6862084018907997	0.6785188132629031
2742	0	0	0	0	0	0	0	4	0.6862084018907997	0.6785188132629031
200	0	0	0	0	0	0	0	5	0.6616940640119869	0.3396526755043133
203	0	0	0	0	0	0	0	5	0.6616940640119869	0.3396526755043133
204	0	0	0	0	0	0	0	5	0.6616940640119869	0.3396526755043133
207	0	0	0	0	0	0	0	4	0.6862084018907997	0.6785188132629031
206	0	0	0	0	0	0	0	5	0.6616940640119869	0.3396526755043133
1573	0	0	0	0	0	0	0	4	0.6862084018907997	0.6785188132629031
1572	0	0	0	0	0	0	0	1	0.346467	0.254503
1571	0	0	0	0	0	0	0	1	0.346467	0.254503
2239	0	0	0	0	0	0	0	1	0.346467	0.254503
2231	0	0	0	0	0	0	0	1	0.346467	0.254503
1577	0	0	0	0	0	0	0	5	0.6616940640119869	0.3396526755043133
2232	0	0	0	0	0	0	0	1	0.346467	0.254503
2237	0	0	0	0	0	0	0	1	0.346467	0.254503
1576	0	0	0	0	0	0	0	1	0.346467	0.254503
2184	0	0	0	0	0	0	0	6	0.4152370924513423	0.5920841916903207
2094	0	0	0	0	0	0	0	5	0.6616940640119869	0.3396526755043133
2097	0	0	0	0	0	0	0	5	0.6616940640119869	0.3396526755043133
2096	0	0	0	0	0	0	0	5	0.6616940640119869	0.3396526755043133
2091	0	0	0	0	0	0	0	4	0.6862084018907997	0.6785188132629031
2090	0	0	0	0	0	0	0	1	0.346467	0.254503
2093	0	0	0	0	0	0	0	6	0.4152370924513423	0.5920841916903207
2092	0	0	0	0	0	0	0	5	0.6616940640119869	0.3396526755043133
2525	0	0	0	0	0	0	0	4	0.6862084018907997	0.6785188132629031
2524	0	0	0	0	0	0	0	6	0.4152370924513423	0.5920841916903207
2188	0	0	0	0	0	0	0	5	0.6616940640119869	0.3396526755043133
2523	0	0	0	0	0	0	0	6	0.4152370924513423	0.5920841916903207
2522	0	0	0	0	0	0	0	6	0.4152370924513423	0.5920841916903207
2529	0	0	0	0	0	0	0	4	0.6862084018907997	0.6785188132629031
2528	0	0	0	0	0	0	0	6	0.4152370924513423	0.5920841916903207
2709	0	0	0	0	0	0	0	4	0.6862084018907997	0.6785188132629031
2704	0	0	0	0	0	0	0	5	0.6616940640119869	0.3396526755043133
2707	0	0	0	0	0	0	0	6	0.4152370924513423	0.5920841916903207
2706	0	0	0	0	0	0	0	5	0.6616940640119869	0.3396526755043133
2701	0	0	0	0	0	0	0	4	0.6862084018907997	0.6785188132629031
2702	0	0	0	0	0	0	0	4	0.6862084018907997	0.6785188132629031
1829	0	0	0	0	0	0	0	4	0.6862084018907997	0.6785188132629031
1828	0	0	0	0	0	0	0	4	0.6862084018907997	0.6785188132629031
1825	0	0	0	0	0	0	0	1	0.346467	0.254503
1824	0	0	0	0	0	0	0	1	0.346467	0.254503
1821	0	0	0	0	0	0	0	1	0.346467	0.254503
1820	0	0	0	0	0	0	0	6	0.4152370924513423	0.5920841916903207
1822	0	0	0	0	0	0	0	6	0.4152370924513423	0.5920841916903207
2147	0	0	0	0	0	0	0	1	0.346467	0.254503
2146	0	0	0	0	0	0	0	4	0.6862084018907997	0.6785188132629031
2143	0	0	0	0	0	0	0	1	0.346467	0.254503
2414	0	0	0	0	0	0	0	5	0.6616940640119869	0.3396526755043133
2417	0	0	0	0	0	0	0	4	0.6862084018907997	0.6785188132629031
2140	0	0	0	0	0	0	0	1	0.346467	0.254503
920	0	0	0	0	0	0	0	5	0.6616940640119869	0.3396526755043133
921	0	0	0	0	0	0	0	4	0.6862084018907997	0.6785188132629031
922	0	0	0	0	0	0	0	1	0.346467	0.254503
923	0	0	0	0	0	0	0	4	0.6862084018907997	0.6785188132629031
2149	0	0	0	0	0	0	0	1	0.346467	0.254503
2148	0	0	0	0	0	0	0	1	0.346467	0.254503
2411	0	0	0	0	0	0	0	5	0.6616940640119869	0.3396526755043133
1920	0	0	0	0	0	0	0	1	0.346467	0.254503
1921	0	0	0	0	0	0	0	5	0.6616940640119869	0.3396526755043133
1923	0	0	0	0	0	0	0	5	0.6616940640119869	0.3396526755043133
1925	0	0	0	0	0	0	0	1	0.346467	0.254503
1926	0	0	0	0	0	0	0	4	0.6862084018907997	0.6785188132629031
1927	0	0	0	0	0	0	0	5	0.6616940640119869	0.3396526755043133
1928	0	0	0	0	0	0	0	4	0.6862084018907997	0.6785188132629031
1929	0	0	0	0	0	0	0	5	0.6616940640119869	0.3396526755043133
833	0	0	0	0	0	0	0	1	0.346467	0.254503
830	0	0	0	0	0	0	0	4	0.6862084018907997	0.6785188132629031
831	0	0	0	0	0	0	0	4	0.6862084018907997	0.6785188132629031
836	0	0	0	0	0	0	0	5	0.6616940640119869	0.3396526755043133
837	0	0	0	0	0	0	0	5	0.6616940640119869	0.3396526755043133
835	0	0	0	0	0	0	0	1	0.346467	0.254503
3	0	0	0	0	0	0	0	1	0.346467	0.254503
1987	0	0	0	0	0	0	0	6	0.4152370924513423	0.5920841916903207
785	0	0	0	0	0	0	0	5	0.6616940640119869	0.3396526755043133
786	0	0	0	0	0	0	0	1	0.346467	0.254503
780	0	0	0	0	0	0	0	6	0.4152370924513423	0.5920841916903207
781	0	0	0	0	0	0	0	6	0.4152370924513423	0.5920841916903207
1728	0	0	0	0	0	0	0	5	0.6616940640119869	0.3396526755043133
783	0	0	0	0	0	0	0	5	0.6616940640119869	0.3396526755043133
1727	0	0	0	0	0	0	0	4	0.6862084018907997	0.6785188132629031
1724	0	0	0	0	0	0	0	4	0.6862084018907997	0.6785188132629031
1725	0	0	0	0	0	0	0	1	0.346467	0.254503
788	0	0	0	0	0	0	0	1	0.346467	0.254503
1723	0	0	0	0	0	0	0	5	0.6616940640119869	0.3396526755043133
2355	0	0	0	0	0	0	0	5	0.6616940640119869	0.3396526755043133
60	0	0	0	0	0	0	0	6	0.4152370924513423	0.5920841916903207
61	0	0	0	0	0	0	0	1	0.346467	0.254503
62	0	0	0	0	0	0	0	6	0.4152370924513423	0.5920841916903207
64	0	0	0	0	0	0	0	1	0.346467	0.254503
66	0	0	0	0	0	0	0	1	0.346467	0.254503
68	0	0	0	0	0	0	0	5	0.6616940640119869	0.3396526755043133
69	0	0	0	0	0	0	0	5	0.6616940640119869	0.3396526755043133
1371	0	0	0	0	0	0	0	4	0.6862084018907997	0.6785188132629031
1588	0	0	0	0	0	0	0	1	0.346467	0.254503
1589	0	0	0	0	0	0	0	5	0.6616940640119869	0.3396526755043133
1370	0	0	0	0	0	0	0	4	0.6862084018907997	0.6785188132629031
1582	0	0	0	0	0	0	0	1	0.346467	0.254503
1581	0	0	0	0	0	0	0	1	0.346467	0.254503
1586	0	0	0	0	0	0	0	4	0.6862084018907997	0.6785188132629031
1587	0	0	0	0	0	0	0	5	0.6616940640119869	0.3396526755043133
2433	0	0	0	0	0	0	0	6	0.4152370924513423	0.5920841916903207
1038	0	0	0	0	0	0	0	1	0.346467	0.254503
1039	0	0	0	0	0	0	0	5	0.6616940640119869	0.3396526755043133
509	0	0	0	0	0	0	0	4	0.6862084018907997	0.6785188132629031
1032	0	0	0	0	0	0	0	5	0.6616940640119869	0.3396526755043133
403	0	0	0	0	0	0	0	1	0.346467	0.254503
1030	0	0	0	0	0	0	0	6	0.4152370924513423	0.5920841916903207
505	0	0	0	0	0	0	0	6	0.4152370924513423	0.5920841916903207
502	0	0	0	0	0	0	0	5	0.6616940640119869	0.3396526755043133
503	0	0	0	0	0	0	0	4	0.6862084018907997	0.6785188132629031
500	0	0	0	0	0	0	0	6	0.4152370924513423	0.5920841916903207
501	0	0	0	0	0	0	0	5	0.6616940640119869	0.3396526755043133
631	0	0	0	0	0	0	0	1	0.346467	0.254503
632	0	0	0	0	0	0	0	5	0.6616940640119869	0.3396526755043133
633	0	0	0	0	0	0	0	6	0.4152370924513423	0.5920841916903207
634	0	0	0	0	0	0	0	1	0.346467	0.254503
635	0	0	0	0	0	0	0	5	0.6616940640119869	0.3396526755043133
636	0	0	0	0	0	0	0	5	0.6616940640119869	0.3396526755043133
637	0	0	0	0	0	0	0	1	0.346467	0.254503
638	0	0	0	0	0	0	0	1	0.346467	0.254503
927	0	0	0	0	0	0	0	1	0.346467	0.254503
2416	0	0	0	0	0	0	0	6	0.4152370924513423	0.5920841916903207
782	0	0	0	0	0	0	0	4	0.6862084018907997	0.6785188132629031
1729	0	0	0	0	0	0	0	5	0.6616940640119869	0.3396526755043133
1454	0	0	0	0	0	0	0	1	0.346467	0.254503
1455	0	0	0	0	0	0	0	1	0.346467	0.254503
1456	0	0	0	0	0	0	0	6	0.4152370924513423	0.5920841916903207
1457	0	0	0	0	0	0	0	1	0.346467	0.254503
1451	0	0	0	0	0	0	0	6	0.4152370924513423	0.5920841916903207
1452	0	0	0	0	0	0	0	5	0.6616940640119869	0.3396526755043133
1453	0	0	0	0	0	0	0	6	0.4152370924513423	0.5920841916903207
1108	0	0	0	0	0	0	0	5	0.6616940640119869	0.3396526755043133
1109	0	0	0	0	0	0	0	5	0.6616940640119869	0.3396526755043133
958	0	0	0	0	0	0	0	1	0.346467	0.254503
216	0	0	0	0	0	0	0	4	0.6862084018907997	0.6785188132629031
217	0	0	0	0	0	0	0	4	0.6862084018907997	0.6785188132629031
214	0	0	0	0	0	0	0	6	0.4152370924513423	0.5920841916903207
215	0	0	0	0	0	0	0	1	0.346467	0.254503
210	0	0	0	0	0	0	0	1	0.346467	0.254503
211	0	0	0	0	0	0	0	4	0.6862084018907997	0.6785188132629031
218	0	0	0	0	0	0	0	6	0.4152370924513423	0.5920841916903207
219	0	0	0	0	0	0	0	6	0.4152370924513423	0.5920841916903207
957	0	0	0	0	0	0	0	6	0.4152370924513423	0.5920841916903207
956	0	0	0	0	0	0	0	6	0.4152370924513423	0.5920841916903207
2550	0	0	0	0	0	0	0	5	0.6616940640119869	0.3396526755043133
2551	0	0	0	0	0	0	0	5	0.6616940640119869	0.3396526755043133
2553	0	0	0	0	0	0	0	5	0.6616940640119869	0.3396526755043133
2554	0	0	0	0	0	0	0	4	0.6862084018907997	0.6785188132629031
2556	0	0	0	0	0	0	0	5	0.6616940640119869	0.3396526755043133
2557	0	0	0	0	0	0	0	1	0.346467	0.254503
2559	0	0	0	0	0	0	0	1	0.346467	0.254503
2396	0	0	0	0	0	0	0	4	0.6862084018907997	0.6785188132629031
2397	0	0	0	0	0	0	0	4	0.6862084018907997	0.6785188132629031
2394	0	0	0	0	0	0	0	1	0.346467	0.254503
2392	0	0	0	0	0	0	0	5	0.6616940640119869	0.3396526755043133
2390	0	0	0	0	0	0	0	4	0.6862084018907997	0.6785188132629031
2391	0	0	0	0	0	0	0	4	0.6862084018907997	0.6785188132629031
2398	0	0	0	0	0	0	0	6	0.4152370924513423	0.5920841916903207
2399	0	0	0	0	0	0	0	1	0.346467	0.254503
2770	0	0	0	0	0	0	0	5	0.6616940640119869	0.3396526755043133
2772	0	0	0	0	0	0	0	1	0.346467	0.254503
2773	0	0	0	0	0	0	0	1	0.346467	0.254503
2774	0	0	0	0	0	0	0	4	0.6862084018907997	0.6785188132629031
2775	0	0	0	0	0	0	0	1	0.346467	0.254503
2776	0	0	0	0	0	0	0	4	0.6862084018907997	0.6785188132629031
1859	0	0	0	0	0	0	0	4	0.6862084018907997	0.6785188132629031
1852	0	0	0	0	0	0	0	1	0.346467	0.254503
1854	0	0	0	0	0	0	0	6	0.4152370924513423	0.5920841916903207
1855	0	0	0	0	0	0	0	1	0.346467	0.254503
1856	0	0	0	0	0	0	0	6	0.4152370924513423	0.5920841916903207
1857	0	0	0	0	0	0	0	5	0.6616940640119869	0.3396526755043133
2171	0	0	0	0	0	0	0	1	0.346467	0.254503
919	0	0	0	0	0	0	0	4	0.6862084018907997	0.6785188132629031
2177	0	0	0	0	0	0	0	1	0.346467	0.254503
2174	0	0	0	0	0	0	0	5	0.6616940640119869	0.3396526755043133
2175	0	0	0	0	0	0	0	6	0.4152370924513423	0.5920841916903207
915	0	0	0	0	0	0	0	1	0.346467	0.254503
2178	0	0	0	0	0	0	0	4	0.6862084018907997	0.6785188132629031
916	0	0	0	0	0	0	0	6	0.4152370924513423	0.5920841916903207
910	0	0	0	0	0	0	0	4	0.6862084018907997	0.6785188132629031
913	0	0	0	0	0	0	0	6	0.4152370924513423	0.5920841916903207
912	0	0	0	0	0	0	0	1	0.346467	0.254503
2605	0	0	0	0	0	0	0	4	0.6862084018907997	0.6785188132629031
2606	0	0	0	0	0	0	0	1	0.346467	0.254503
2600	0	0	0	0	0	0	0	4	0.6862084018907997	0.6785188132629031
2601	0	0	0	0	0	0	0	1	0.346467	0.254503
2602	0	0	0	0	0	0	0	4	0.6862084018907997	0.6785188132629031
2603	0	0	0	0	0	0	0	5	0.6616940640119869	0.3396526755043133
2608	0	0	0	0	0	0	0	4	0.6862084018907997	0.6785188132629031
2609	0	0	0	0	0	0	0	1	0.346467	0.254503
1932	0	0	0	0	0	0	0	5	0.6616940640119869	0.3396526755043133
1931	0	0	0	0	0	0	0	6	0.4152370924513423	0.5920841916903207
1930	0	0	0	0	0	0	0	6	0.4152370924513423	0.5920841916903207
1936	0	0	0	0	0	0	0	5	0.6616940640119869	0.3396526755043133
1935	0	0	0	0	0	0	0	4	0.6862084018907997	0.6785188132629031
1934	0	0	0	0	0	0	0	5	0.6616940640119869	0.3396526755043133
1939	0	0	0	0	0	0	0	5	0.6616940640119869	0.3396526755043133
846	0	0	0	0	0	0	0	6	0.4152370924513423	0.5920841916903207
843	0	0	0	0	0	0	0	1	0.346467	0.254503
842	0	0	0	0	0	0	0	4	0.6862084018907997	0.6785188132629031
841	0	0	0	0	0	0	0	5	0.6616940640119869	0.3396526755043133
849	0	0	0	0	0	0	0	1	0.346467	0.254503
848	0	0	0	0	0	0	0	5	0.6616940640119869	0.3396526755043133
2406	0	0	0	0	0	0	0	1	0.346467	0.254503
2407	0	0	0	0	0	0	0	5	0.6616940640119869	0.3396526755043133
1739	0	0	0	0	0	0	0	5	0.6616940640119869	0.3396526755043133
1738	0	0	0	0	0	0	0	5	0.6616940640119869	0.3396526755043133
1731	0	0	0	0	0	0	0	5	0.6616940640119869	0.3396526755043133
1732	0	0	0	0	0	0	0	4	0.6862084018907997	0.6785188132629031
1735	0	0	0	0	0	0	0	6	0.4152370924513423	0.5920841916903207
1734	0	0	0	0	0	0	0	5	0.6616940640119869	0.3396526755043133
1737	0	0	0	0	0	0	0	6	0.4152370924513423	0.5920841916903207
1736	0	0	0	0	0	0	0	1	0.346467	0.254503
2404	0	0	0	0	0	0	0	4	0.6862084018907997	0.6785188132629031
753	0	0	0	0	0	0	0	6	0.4152370924513423	0.5920841916903207
752	0	0	0	0	0	0	0	1	0.346467	0.254503
751	0	0	0	0	0	0	0	1	0.346467	0.254503
750	0	0	0	0	0	0	0	5	0.6616940640119869	0.3396526755043133
757	0	0	0	0	0	0	0	1	0.346467	0.254503
756	0	0	0	0	0	0	0	1	0.346467	0.254503
754	0	0	0	0	0	0	0	1	0.346467	0.254503
759	0	0	0	0	0	0	0	5	0.6616940640119869	0.3396526755043133
1595	0	0	0	0	0	0	0	5	0.6616940640119869	0.3396526755043133
506	0	0	0	0	0	0	0	4	0.6862084018907997	0.6785188132629031
1597	0	0	0	0	0	0	0	6	0.4152370924513423	0.5920841916903207
1591	0	0	0	0	0	0	0	5	0.6616940640119869	0.3396526755043133
1593	0	0	0	0	0	0	0	6	0.4152370924513423	0.5920841916903207
507	0	0	0	0	0	0	0	4	0.6862084018907997	0.6785188132629031
1598	0	0	0	0	0	0	0	5	0.6616940640119869	0.3396526755043133
1024	0	0	0	0	0	0	0	1	0.346467	0.254503
1021	0	0	0	0	0	0	0	1	0.346467	0.254503
1020	0	0	0	0	0	0	0	1	0.346467	0.254503
1023	0	0	0	0	0	0	0	6	0.4152370924513423	0.5920841916903207
1022	0	0	0	0	0	0	0	1	0.346467	0.254503
1036	0	0	0	0	0	0	0	5	0.6616940640119869	0.3396526755043133
1028	0	0	0	0	0	0	0	1	0.346467	0.254503
1037	0	0	0	0	0	0	0	5	0.6616940640119869	0.3396526755043133
1034	0	0	0	0	0	0	0	4	0.6862084018907997	0.6785188132629031
1035	0	0	0	0	0	0	0	1	0.346467	0.254503
605	0	0	0	0	0	0	0	1	0.346467	0.254503
604	0	0	0	0	0	0	0	4	0.6862084018907997	0.6785188132629031
606	0	0	0	0	0	0	0	4	0.6862084018907997	0.6785188132629031
601	0	0	0	0	0	0	0	4	0.6862084018907997	0.6785188132629031
600	0	0	0	0	0	0	0	1	0.346467	0.254503
603	0	0	0	0	0	0	0	4	0.6862084018907997	0.6785188132629031
1205	0	0	0	0	0	0	0	1	0.346467	0.254503
1207	0	0	0	0	0	0	0	5	0.6616940640119869	0.3396526755043133
1206	0	0	0	0	0	0	0	6	0.4152370924513423	0.5920841916903207
1201	0	0	0	0	0	0	0	5	0.6616940640119869	0.3396526755043133
1210	0	0	0	0	0	0	0	4	0.6862084018907997	0.6785188132629031
1203	0	0	0	0	0	0	0	2	0.346467	0.0
1202	0	0	0	0	0	0	0	4	0.6862084018907997	0.6785188132629031
1211	0	0	0	0	0	0	0	1	0.346467	0.254503
1216	0	0	0	0	0	0	0	5	0.6616940640119869	0.3396526755043133
1214	0	0	0	0	0	0	0	5	0.6616940640119869	0.3396526755043133
1215	0	0	0	0	0	0	0	5	0.6616940640119869	0.3396526755043133
1111	0	0	0	0	0	0	0	5	0.6616940640119869	0.3396526755043133
1446	0	0	0	0	0	0	0	5	0.6616940640119869	0.3396526755043133
1445	0	0	0	0	0	0	0	1	0.346467	0.254503
1444	0	0	0	0	0	0	0	4	0.6862084018907997	0.6785188132629031
1115	0	0	0	0	0	0	0	5	0.6616940640119869	0.3396526755043133
1114	0	0	0	0	0	0	0	5	0.6616940640119869	0.3396526755043133
1440	0	0	0	0	0	0	0	1	0.346467	0.254503
1119	0	0	0	0	0	0	0	6	0.4152370924513423	0.5920841916903207
467	0	0	0	0	0	0	0	6	0.4152370924513423	0.5920841916903207
1449	0	0	0	0	0	0	0	2	0.346467	0.0
2308	0	0	0	0	0	0	0	5	0.6616940640119869	0.3396526755043133
488	0	0	0	0	0	0	0	1	0.346467	0.254503
486	0	0	0	0	0	0	0	6	0.4152370924513423	0.5920841916903207
485	0	0	0	0	0	0	0	5	0.6616940640119869	0.3396526755043133
1354	0	0	0	0	0	0	0	5	0.6616940640119869	0.3396526755043133
483	0	0	0	0	0	0	0	5	0.6616940640119869	0.3396526755043133
482	0	0	0	0	0	0	0	5	0.6616940640119869	0.3396526755043133
481	0	0	0	0	0	0	0	1	0.346467	0.254503
480	0	0	0	0	0	0	0	1	0.346467	0.254503
199	0	0	0	0	0	0	0	4	0.6862084018907997	0.6785188132629031
198	0	0	0	0	0	0	0	4	0.6862084018907997	0.6785188132629031
195	0	0	0	0	0	0	0	5	0.6616940640119869	0.3396526755043133
194	0	0	0	0	0	0	0	4	0.6862084018907997	0.6785188132629031
197	0	0	0	0	0	0	0	1	0.346467	0.254503
191	0	0	0	0	0	0	0	6	0.4152370924513423	0.5920841916903207
190	0	0	0	0	0	0	0	5	0.6616940640119869	0.3396526755043133
193	0	0	0	0	0	0	0	1	0.346467	0.254503
192	0	0	0	0	0	0	0	1	0.346467	0.254503
2542	0	0	0	0	0	0	0	5	0.6616940640119869	0.3396526755043133
2540	0	0	0	0	0	0	0	5	0.6616940640119869	0.3396526755043133
2547	0	0	0	0	0	0	0	6	0.4152370924513423	0.5920841916903207
2544	0	0	0	0	0	0	0	5	0.6616940640119869	0.3396526755043133
2549	0	0	0	0	0	0	0	6	0.4152370924513423	0.5920841916903207
2548	0	0	0	0	0	0	0	5	0.6616940640119869	0.3396526755043133
2380	0	0	0	0	0	0	0	1	0.346467	0.254503
1105	0	0	0	0	0	0	0	4	0.6862084018907997	0.6785188132629031
2384	0	0	0	0	0	0	0	5	0.6616940640119869	0.3396526755043133
2387	0	0	0	0	0	0	0	4	0.6862084018907997	0.6785188132629031
2389	0	0	0	0	0	0	0	4	0.6862084018907997	0.6785188132629031
2388	0	0	0	0	0	0	0	1	0.346467	0.254503
411	0	0	0	0	0	0	0	5	0.6616940640119869	0.3396526755043133
2769	0	0	0	0	0	0	0	4	0.6862084018907997	0.6785188132629031
2768	0	0	0	0	0	0	0	6	0.4152370924513423	0.5920841916903207
1100	0	0	0	0	0	0	0	5	0.6616940640119869	0.3396526755043133
2763	0	0	0	0	0	0	0	5	0.6616940640119869	0.3396526755043133
2764	0	0	0	0	0	0	0	1	0.346467	0.254503
1949	0	0	0	0	0	0	0	5	0.6616940640119869	0.3396526755043133
902	0	0	0	0	0	0	0	1	0.346467	0.254503
1849	0	0	0	0	0	0	0	1	0.346467	0.254503
901	0	0	0	0	0	0	0	1	0.346467	0.254503
906	0	0	0	0	0	0	0	1	0.346467	0.254503
904	0	0	0	0	0	0	0	1	0.346467	0.254503
1843	0	0	0	0	0	0	0	4	0.6862084018907997	0.6785188132629031
908	0	0	0	0	0	0	0	5	0.6616940640119869	0.3396526755043133
1840	0	0	0	0	0	0	0	4	0.6862084018907997	0.6785188132629031
1847	0	0	0	0	0	0	0	5	0.6616940640119869	0.3396526755043133
1846	0	0	0	0	0	0	0	6	0.4152370924513423	0.5920841916903207
1845	0	0	0	0	0	0	0	6	0.4152370924513423	0.5920841916903207
2169	0	0	0	0	0	0	0	6	0.4152370924513423	0.5920841916903207
2165	0	0	0	0	0	0	0	6	0.4152370924513423	0.5920841916903207
2164	0	0	0	0	0	0	0	4	0.6862084018907997	0.6785188132629031
2167	0	0	0	0	0	0	0	1	0.346467	0.254503
2166	0	0	0	0	0	0	0	1	0.346467	0.254503
2163	0	0	0	0	0	0	0	4	0.6862084018907997	0.6785188132629031
2616	0	0	0	0	0	0	0	1	0.346467	0.254503
2615	0	0	0	0	0	0	0	4	0.6862084018907997	0.6785188132629031
2614	0	0	0	0	0	0	0	1	0.346467	0.254503
2611	0	0	0	0	0	0	0	4	0.6862084018907997	0.6785188132629031
1908	0	0	0	0	0	0	0	6	0.4152370924513423	0.5920841916903207
1906	0	0	0	0	0	0	0	6	0.4152370924513423	0.5920841916903207
1904	0	0	0	0	0	0	0	1	0.346467	0.254503
1905	0	0	0	0	0	0	0	5	0.6616940640119869	0.3396526755043133
1903	0	0	0	0	0	0	0	1	0.346467	0.254503
1901	0	0	0	0	0	0	0	5	0.6616940640119869	0.3396526755043133
854	0	0	0	0	0	0	0	4	0.6862084018907997	0.6785188132629031
855	0	0	0	0	0	0	0	1	0.346467	0.254503
850	0	0	0	0	0	0	0	6	0.4152370924513423	0.5920841916903207
852	0	0	0	0	0	0	0	1	0.346467	0.254503
819	0	0	0	0	0	0	0	5	0.6616940640119869	0.3396526755043133
859	0	0	0	0	0	0	0	4	0.6862084018907997	0.6785188132629031
741	0	0	0	0	0	0	0	5	0.6616940640119869	0.3396526755043133
742	0	0	0	0	0	0	0	1	0.346467	0.254503
743	0	0	0	0	0	0	0	6	0.4152370924513423	0.5920841916903207
744	0	0	0	0	0	0	0	1	0.346467	0.254503
745	0	0	0	0	0	0	0	1	0.346467	0.254503
746	0	0	0	0	0	0	0	1	0.346467	0.254503
1051	0	0	0	0	0	0	0	1	0.346467	0.254503
1052	0	0	0	0	0	0	0	1	0.346467	0.254503
1053	0	0	0	0	0	0	0	5	0.6616940640119869	0.3396526755043133
1056	0	0	0	0	0	0	0	1	0.346467	0.254503
1059	0	0	0	0	0	0	0	5	0.6616940640119869	0.3396526755043133
1696	0	0	0	0	0	0	0	5	0.6616940640119869	0.3396526755043133
1697	0	0	0	0	0	0	0	5	0.6616940640119869	0.3396526755043133
1694	0	0	0	0	0	0	0	5	0.6616940640119869	0.3396526755043133
1693	0	0	0	0	0	0	0	6	0.4152370924513423	0.5920841916903207
1690	0	0	0	0	0	0	0	5	0.6616940640119869	0.3396526755043133
1698	0	0	0	0	0	0	0	5	0.6616940640119869	0.3396526755043133
1699	0	0	0	0	0	0	0	2	0.346467	0.0
1278	0	0	0	0	0	0	0	4	0.6862084018907997	0.6785188132629031
1279	0	0	0	0	0	0	0	5	0.6616940640119869	0.3396526755043133
612	0	0	0	0	0	0	0	4	0.6862084018907997	0.6785188132629031
613	0	0	0	0	0	0	0	5	0.6616940640119869	0.3396526755043133
1272	0	0	0	0	0	0	0	6	0.4152370924513423	0.5920841916903207
1274	0	0	0	0	0	0	0	5	0.6616940640119869	0.3396526755043133
1275	0	0	0	0	0	0	0	4	0.6862084018907997	0.6785188132629031
614	0	0	0	0	0	0	0	5	0.6616940640119869	0.3396526755043133
2469	0	0	0	0	0	0	0	5	0.6616940640119869	0.3396526755043133
1473	0	0	0	0	0	0	0	4	0.6862084018907997	0.6785188132629031
1470	0	0	0	0	0	0	0	4	0.6862084018907997	0.6785188132629031
1475	0	0	0	0	0	0	0	1	0.346467	0.254503
1479	0	0	0	0	0	0	0	6	0.4152370924513423	0.5920841916903207
1306	0	0	0	0	0	0	0	6	0.4152370924513423	0.5920841916903207
1307	0	0	0	0	0	0	0	1	0.346467	0.254503
1300	0	0	0	0	0	0	0	1	0.346467	0.254503
1301	0	0	0	0	0	0	0	1	0.346467	0.254503
1302	0	0	0	0	0	0	0	6	0.4152370924513423	0.5920841916903207
2595	0	0	0	0	0	0	0	4	0.6862084018907997	0.6785188132629031
1308	0	0	0	0	0	0	0	5	0.6616940640119869	0.3396526755043133
1309	0	0	0	0	0	0	0	4	0.6862084018907997	0.6785188132629031
498	0	0	0	0	0	0	0	1	0.346467	0.254503
499	0	0	0	0	0	0	0	4	0.6862084018907997	0.6785188132629031
495	0	0	0	0	0	0	0	1	0.346467	0.254503
497	0	0	0	0	0	0	0	5	0.6616940640119869	0.3396526755043133
492	0	0	0	0	0	0	0	4	0.6862084018907997	0.6785188132629031
493	0	0	0	0	0	0	0	5	0.6616940640119869	0.3396526755043133
26	0	0	0	0	0	0	0	4	0.6862084018907997	0.6785188132629031
27	0	0	0	0	0	0	0	1	0.346467	0.254503
20	0	0	0	0	0	0	0	1	0.346467	0.254503
23	0	0	0	0	0	0	0	4	0.6862084018907997	0.6785188132629031
28	0	0	0	0	0	0	0	1	0.346467	0.254503
29	0	0	0	0	0	0	0	5	0.6616940640119869	0.3396526755043133
1241	0	0	0	0	0	0	0	1	0.346467	0.254503
7	0	0	0	0	0	0	0	5	0.6616940640119869	0.3396526755043133
976	0	0	0	0	0	0	0	5	0.6616940640119869	0.3396526755043133
2281	0	0	0	0	0	0	0	5	0.6616940640119869	0.3396526755043133
2283	0	0	0	0	0	0	0	4	0.6862084018907997	0.6785188132629031
2284	0	0	0	0	0	0	0	5	0.6616940640119869	0.3396526755043133
2285	0	0	0	0	0	0	0	5	0.6616940640119869	0.3396526755043133
2287	0	0	0	0	0	0	0	5	0.6616940640119869	0.3396526755043133
972	0	0	0	0	0	0	0	5	0.6616940640119869	0.3396526755043133
2578	0	0	0	0	0	0	0	6	0.4152370924513423	0.5920841916903207
2579	0	0	0	0	0	0	0	5	0.6616940640119869	0.3396526755043133
2576	0	0	0	0	0	0	0	5	0.6616940640119869	0.3396526755043133
2056	0	0	0	0	0	0	0	1	0.346467	0.254503
2572	0	0	0	0	0	0	0	1	0.346467	0.254503
2573	0	0	0	0	0	0	0	1	0.346467	0.254503
2570	0	0	0	0	0	0	0	4	0.6862084018907997	0.6785188132629031
2571	0	0	0	0	0	0	0	5	0.6616940640119869	0.3396526755043133
2378	0	0	0	0	0	0	0	4	0.6862084018907997	0.6785188132629031
2374	0	0	0	0	0	0	0	1	0.346467	0.254503
2376	0	0	0	0	0	0	0	1	0.346467	0.254503
2377	0	0	0	0	0	0	0	1	0.346467	0.254503
2371	0	0	0	0	0	0	0	6	0.4152370924513423	0.5920841916903207
2372	0	0	0	0	0	0	0	4	0.6862084018907997	0.6785188132629031
2373	0	0	0	0	0	0	0	5	0.6616940640119869	0.3396526755043133
2594	0	0	0	0	0	0	0	4	0.6862084018907997	0.6785188132629031
1087	0	0	0	0	0	0	0	1	0.346467	0.254503
2596	0	0	0	0	0	0	0	5	0.6616940640119869	0.3396526755043133
2597	0	0	0	0	0	0	0	5	0.6616940640119869	0.3396526755043133
2590	0	0	0	0	0	0	0	5	0.6616940640119869	0.3396526755043133
2598	0	0	0	0	0	0	0	6	0.4152370924513423	0.5920841916903207
2599	0	0	0	0	0	0	0	5	0.6616940640119869	0.3396526755043133
1876	0	0	0	0	0	0	0	5	0.6616940640119869	0.3396526755043133
1877	0	0	0	0	0	0	0	1	0.346467	0.254503
1874	0	0	0	0	0	0	0	4	0.6862084018907997	0.6785188132629031
1870	0	0	0	0	0	0	0	4	0.6862084018907997	0.6785188132629031
1083	0	0	0	0	0	0	0	6	0.4152370924513423	0.5920841916903207
1879	0	0	0	0	0	0	0	1	0.346467	0.254503
182	0	0	0	0	0	0	0	6	0.4152370924513423	0.5920841916903207
975	0	0	0	0	0	0	0	5	0.6616940640119869	0.3396526755043133
1081	0	0	0	0	0	0	0	1	0.346467	0.254503
970	0	0	0	0	0	0	0	5	0.6616940640119869	0.3396526755043133
1080	0	0	0	0	0	0	0	4	0.6862084018907997	0.6785188132629031
978	0	0	0	0	0	0	0	4	0.6862084018907997	0.6785188132629031
2118	0	0	0	0	0	0	0	4	0.6862084018907997	0.6785188132629031
2119	0	0	0	0	0	0	0	6	0.4152370924513423	0.5920841916903207
186	0	0	0	0	0	0	0	1	0.346467	0.254503
2110	0	0	0	0	0	0	0	5	0.6616940640119869	0.3396526755043133
2111	0	0	0	0	0	0	0	1	0.346467	0.254503
189	0	0	0	0	0	0	0	1	0.346467	0.254503
2114	0	0	0	0	0	0	0	1	0.346467	0.254503
2115	0	0	0	0	0	0	0	6	0.4152370924513423	0.5920841916903207
2116	0	0	0	0	0	0	0	1	0.346467	0.254503
2117	0	0	0	0	0	0	0	4	0.6862084018907997	0.6785188132629031
2627	0	0	0	0	0	0	0	4	0.6862084018907997	0.6785188132629031
2624	0	0	0	0	0	0	0	1	0.346467	0.254503
2625	0	0	0	0	0	0	0	6	0.4152370924513423	0.5920841916903207
2628	0	0	0	0	0	0	0	4	0.6862084018907997	0.6785188132629031
1919	0	0	0	0	0	0	0	1	0.346467	0.254503
1910	0	0	0	0	0	0	0	1	0.346467	0.254503
1913	0	0	0	0	0	0	0	1	0.346467	0.254503
1912	0	0	0	0	0	0	0	5	0.6616940640119869	0.3396526755043133
1914	0	0	0	0	0	0	0	5	0.6616940640119869	0.3396526755043133
1917	0	0	0	0	0	0	0	6	0.4152370924513423	0.5920841916903207
861	0	0	0	0	0	0	0	6	0.4152370924513423	0.5920841916903207
860	0	0	0	0	0	0	0	4	0.6862084018907997	0.6785188132629031
863	0	0	0	0	0	0	0	5	0.6616940640119869	0.3396526755043133
862	0	0	0	0	0	0	0	5	0.6616940640119869	0.3396526755043133
864	0	0	0	0	0	0	0	2	0.346467	0.0
867	0	0	0	0	0	0	0	1	0.346467	0.254503
866	0	0	0	0	0	0	0	1	0.346467	0.254503
2024	0	0	0	0	0	0	0	6	0.4152370924513423	0.5920841916903207
2025	0	0	0	0	0	0	0	5	0.6616940640119869	0.3396526755043133
2754	0	0	0	0	0	0	0	2	0.346467	0.0
2027	0	0	0	0	0	0	0	5	0.6616940640119869	0.3396526755043133
2021	0	0	0	0	0	0	0	5	0.6616940640119869	0.3396526755043133
2750	0	0	0	0	0	0	0	1	0.346467	0.254503
2751	0	0	0	0	0	0	0	1	0.346467	0.254503
2028	0	0	0	0	0	0	0	6	0.4152370924513423	0.5920841916903207
2029	0	0	0	0	0	0	0	1	0.346467	0.254503
883	0	0	0	0	0	0	0	1	0.346467	0.254503
882	0	0	0	0	0	0	0	4	0.6862084018907997	0.6785188132629031
880	0	0	0	0	0	0	0	5	0.6616940640119869	0.3396526755043133
887	0	0	0	0	0	0	0	2	0.346467	0.0
886	0	0	0	0	0	0	0	4	0.6862084018907997	0.6785188132629031
885	0	0	0	0	0	0	0	1	0.346467	0.254503
884	0	0	0	0	0	0	0	6	0.4152370924513423	0.5920841916903207
888	0	0	0	0	0	0	0	5	0.6616940640119869	0.3396526755043133
775	0	0	0	0	0	0	0	4	0.6862084018907997	0.6785188132629031
774	0	0	0	0	0	0	0	4	0.6862084018907997	0.6785188132629031
777	0	0	0	0	0	0	0	5	0.6616940640119869	0.3396526755043133
776	0	0	0	0	0	0	0	6	0.4152370924513423	0.5920841916903207
771	0	0	0	0	0	0	0	1	0.346467	0.254503
770	0	0	0	0	0	0	0	4	0.6862084018907997	0.6785188132629031
773	0	0	0	0	0	0	0	5	0.6616940640119869	0.3396526755043133
779	0	0	0	0	0	0	0	1	0.346467	0.254503
77	0	0	0	0	0	0	0	6	0.4152370924513423	0.5920841916903207
75	0	0	0	0	0	0	0	6	0.4152370924513423	0.5920841916903207
71	0	0	0	0	0	0	0	1	0.346467	0.254503
1041	0	0	0	0	0	0	0	1	0.346467	0.254503
1040	0	0	0	0	0	0	0	6	0.4152370924513423	0.5920841916903207
1047	0	0	0	0	0	0	0	1	0.346467	0.254503
1044	0	0	0	0	0	0	0	5	0.6616940640119869	0.3396526755043133
1049	0	0	0	0	0	0	0	5	0.6616940640119869	0.3396526755043133
1681	0	0	0	0	0	0	0	5	0.6616940640119869	0.3396526755043133
1683	0	0	0	0	0	0	0	1	0.346467	0.254503
1682	0	0	0	0	0	0	0	4	0.6862084018907997	0.6785188132629031
1685	0	0	0	0	0	0	0	5	0.6616940640119869	0.3396526755043133
1687	0	0	0	0	0	0	0	1	0.346467	0.254503
1689	0	0	0	0	0	0	0	5	0.6616940640119869	0.3396526755043133
1688	0	0	0	0	0	0	0	5	0.6616940640119869	0.3396526755043133
1269	0	0	0	0	0	0	0	6	0.4152370924513423	0.5920841916903207
1268	0	0	0	0	0	0	0	4	0.6862084018907997	0.6785188132629031
1263	0	0	0	0	0	0	0	4	0.6862084018907997	0.6785188132629031
1262	0	0	0	0	0	0	0	5	0.6616940640119869	0.3396526755043133
665	0	0	0	0	0	0	0	5	0.6616940640119869	0.3396526755043133
664	0	0	0	0	0	0	0	4	0.6862084018907997	0.6785188132629031
663	0	0	0	0	0	0	0	1	0.346467	0.254503
662	0	0	0	0	0	0	0	5	0.6616940640119869	0.3396526755043133
661	0	0	0	0	0	0	0	1	0.346467	0.254503
1469	0	0	0	0	0	0	0	5	0.6616940640119869	0.3396526755043133
1468	0	0	0	0	0	0	0	4	0.6862084018907997	0.6785188132629031
1465	0	0	0	0	0	0	0	1	0.346467	0.254503
1464	0	0	0	0	0	0	0	4	0.6862084018907997	0.6785188132629031
1460	0	0	0	0	0	0	0	5	0.6616940640119869	0.3396526755043133
1463	0	0	0	0	0	0	0	4	0.6862084018907997	0.6785188132629031
1462	0	0	0	0	0	0	0	1	0.346467	0.254503
1317	0	0	0	0	0	0	0	1	0.346467	0.254503
1316	0	0	0	0	0	0	0	4	0.6862084018907997	0.6785188132629031
1315	0	0	0	0	0	0	0	5	0.6616940640119869	0.3396526755043133
1314	0	0	0	0	0	0	0	5	0.6616940640119869	0.3396526755043133
1313	0	0	0	0	0	0	0	1	0.346467	0.254503
1311	0	0	0	0	0	0	0	1	0.346467	0.254503
1319	0	0	0	0	0	0	0	6	0.4152370924513423	0.5920841916903207
1318	0	0	0	0	0	0	0	6	0.4152370924513423	0.5920841916903207
319	0	0	0	0	0	0	0	6	0.4152370924513423	0.5920841916903207
318	0	0	0	0	0	0	0	5	0.6616940640119869	0.3396526755043133
313	0	0	0	0	0	0	0	1	0.346467	0.254503
312	0	0	0	0	0	0	0	5	0.6616940640119869	0.3396526755043133
311	0	0	0	0	0	0	0	1	0.346467	0.254503
2756	0	0	0	0	0	0	0	1	0.346467	0.254503
2757	0	0	0	0	0	0	0	6	0.4152370924513423	0.5920841916903207
1334	0	0	0	0	0	0	0	5	0.6616940640119869	0.3396526755043133
1337	0	0	0	0	0	0	0	5	0.6616940640119869	0.3396526755043133
2753	0	0	0	0	0	0	0	4	0.6862084018907997	0.6785188132629031
1336	0	0	0	0	0	0	0	4	0.6862084018907997	0.6785188132629031
1331	0	0	0	0	0	0	0	1	0.346467	0.254503
1330	0	0	0	0	0	0	0	6	0.4152370924513423	0.5920841916903207
1332	0	0	0	0	0	0	0	6	0.4152370924513423	0.5920841916903207
2324	0	0	0	0	0	0	0	6	0.4152370924513423	0.5920841916903207
2692	0	0	0	0	0	0	0	1	0.346467	0.254503
2461	0	0	0	0	0	0	0	6	0.4152370924513423	0.5920841916903207
2293	0	0	0	0	0	0	0	4	0.6862084018907997	0.6785188132629031
2292	0	0	0	0	0	0	0	5	0.6616940640119869	0.3396526755043133
2291	0	0	0	0	0	0	0	6	0.4152370924513423	0.5920841916903207
2290	0	0	0	0	0	0	0	5	0.6616940640119869	0.3396526755043133
2297	0	0	0	0	0	0	0	1	0.346467	0.254503
2296	0	0	0	0	0	0	0	4	0.6862084018907997	0.6785188132629031
2569	0	0	0	0	0	0	0	5	0.6616940640119869	0.3396526755043133
2568	0	0	0	0	0	0	0	6	0.4152370924513423	0.5920841916903207
2560	0	0	0	0	0	0	0	1	0.346467	0.254503
2563	0	0	0	0	0	0	0	1	0.346467	0.254503
2562	0	0	0	0	0	0	0	1	0.346467	0.254503
2565	0	0	0	0	0	0	0	5	0.6616940640119869	0.3396526755043133
2566	0	0	0	0	0	0	0	1	0.346467	0.254503
2367	0	0	0	0	0	0	0	5	0.6616940640119869	0.3396526755043133
2366	0	0	0	0	0	0	0	1	0.346467	0.254503
2365	0	0	0	0	0	0	0	5	0.6616940640119869	0.3396526755043133
2364	0	0	0	0	0	0	0	1	0.346467	0.254503
2363	0	0	0	0	0	0	0	1	0.346467	0.254503
2360	0	0	0	0	0	0	0	1	0.346467	0.254503
2587	0	0	0	0	0	0	0	5	0.6616940640119869	0.3396526755043133
2585	0	0	0	0	0	0	0	6	0.4152370924513423	0.5920841916903207
2584	0	0	0	0	0	0	0	1	0.346467	0.254503
2583	0	0	0	0	0	0	0	4	0.6862084018907997	0.6785188132629031
2582	0	0	0	0	0	0	0	5	0.6616940640119869	0.3396526755043133
2581	0	0	0	0	0	0	0	1	0.346467	0.254503
2588	0	0	0	0	0	0	0	1	0.346467	0.254503
1861	0	0	0	0	0	0	0	6	0.4152370924513423	0.5920841916903207
1860	0	0	0	0	0	0	0	6	0.4152370924513423	0.5920841916903207
1863	0	0	0	0	0	0	0	4	0.6862084018907997	0.6785188132629031
1865	0	0	0	0	0	0	0	4	0.6862084018907997	0.6785188132629031
1867	0	0	0	0	0	0	0	1	0.346467	0.254503
964	0	0	0	0	0	0	0	2	0.346467	0.0
966	0	0	0	0	0	0	0	5	0.6616940640119869	0.3396526755043133
967	0	0	0	0	0	0	0	5	0.6616940640119869	0.3396526755043133
960	0	0	0	0	0	0	0	6	0.4152370924513423	0.5920841916903207
961	0	0	0	0	0	0	0	1	0.346467	0.254503
963	0	0	0	0	0	0	0	4	0.6862084018907997	0.6785188132629031
968	0	0	0	0	0	0	0	1	0.346467	0.254503
969	0	0	0	0	0	0	0	1	0.346467	0.254503
2109	0	0	0	0	0	0	0	4	0.6862084018907997	0.6785188132629031
2108	0	0	0	0	0	0	0	6	0.4152370924513423	0.5920841916903207
2102	0	0	0	0	0	0	0	4	0.6862084018907997	0.6785188132629031
2101	0	0	0	0	0	0	0	1	0.346467	0.254503
2100	0	0	0	0	0	0	0	6	0.4152370924513423	0.5920841916903207
2105	0	0	0	0	0	0	0	6	0.4152370924513423	0.5920841916903207
2639	0	0	0	0	0	0	0	5	0.6616940640119869	0.3396526755043133
2638	0	0	0	0	0	0	0	1	0.346467	0.254503
2634	0	0	0	0	0	0	0	4	0.6862084018907997	0.6785188132629031
2637	0	0	0	0	0	0	0	4	0.6862084018907997	0.6785188132629031
2631	0	0	0	0	0	0	0	1	0.346467	0.254503
2633	0	0	0	0	0	0	0	6	0.4152370924513423	0.5920841916903207
2632	0	0	0	0	0	0	0	6	0.4152370924513423	0.5920841916903207
1537	0	0	0	0	0	0	0	2	0.346467	0.0
1240	0	0	0	0	0	0	0	5	0.6616940640119869	0.3396526755043133
876	0	0	0	0	0	0	0	6	0.4152370924513423	0.5920841916903207
877	0	0	0	0	0	0	0	2	0.346467	0.0
872	0	0	0	0	0	0	0	1	0.346467	0.254503
1243	0	0	0	0	0	0	0	6	0.4152370924513423	0.5920841916903207
870	0	0	0	0	0	0	0	5	0.6616940640119869	0.3396526755043133
871	0	0	0	0	0	0	0	1	0.346467	0.254503
2037	0	0	0	0	0	0	0	5	0.6616940640119869	0.3396526755043133
2035	0	0	0	0	0	0	0	4	0.6862084018907997	0.6785188132629031
2034	0	0	0	0	0	0	0	1	0.346467	0.254503
2745	0	0	0	0	0	0	0	5	0.6616940640119869	0.3396526755043133
2032	0	0	0	0	0	0	0	1	0.346467	0.254503
2031	0	0	0	0	0	0	0	6	0.4152370924513423	0.5920841916903207
2030	0	0	0	0	0	0	0	1	0.346467	0.254503
9	0	0	0	0	0	0	0	4	0.6862084018907997	0.6785188132629031
1245	0	0	0	0	0	0	0	2	0.346467	0.0
2039	0	0	0	0	0	0	0	5	0.6616940640119869	0.3396526755043133
2038	0	0	0	0	0	0	0	5	0.6616940640119869	0.3396526755043133
891	0	0	0	0	0	0	0	1	0.346467	0.254503
893	0	0	0	0	0	0	0	1	0.346467	0.254503
894	0	0	0	0	0	0	0	1	0.346467	0.254503
895	0	0	0	0	0	0	0	5	0.6616940640119869	0.3396526755043133
897	0	0	0	0	0	0	0	5	0.6616940640119869	0.3396526755043133
1249	0	0	0	0	0	0	0	5	0.6616940640119869	0.3396526755043133
1965	0	0	0	0	0	0	0	6	0.4152370924513423	0.5920841916903207
1789	0	0	0	0	0	0	0	4	0.6862084018907997	0.6785188132629031
768	0	0	0	0	0	0	0	5	0.6616940640119869	0.3396526755043133
769	0	0	0	0	0	0	0	1	0.346467	0.254503
1780	0	0	0	0	0	0	0	1	0.346467	0.254503
763	0	0	0	0	0	0	0	1	0.346467	0.254503
760	0	0	0	0	0	0	0	6	0.4152370924513423	0.5920841916903207
1783	0	0	0	0	0	0	0	1	0.346467	0.254503
766	0	0	0	0	0	0	0	6	0.4152370924513423	0.5920841916903207
1786	0	0	0	0	0	0	0	1	0.346467	0.254503
1787	0	0	0	0	0	0	0	5	0.6616940640119869	0.3396526755043133
1078	0	0	0	0	0	0	0	4	0.6862084018907997	0.6785188132629031
1535	0	0	0	0	0	0	0	2	0.346467	0.0
1074	0	0	0	0	0	0	0	1	0.346467	0.254503
1075	0	0	0	0	0	0	0	5	0.6616940640119869	0.3396526755043133
1072	0	0	0	0	0	0	0	1	0.346467	0.254503
1073	0	0	0	0	0	0	0	1	0.346467	0.254503
1678	0	0	0	0	0	0	0	4	0.6862084018907997	0.6785188132629031
1674	0	0	0	0	0	0	0	5	0.6616940640119869	0.3396526755043133
1675	0	0	0	0	0	0	0	1	0.346467	0.254503
1676	0	0	0	0	0	0	0	6	0.4152370924513423	0.5920841916903207
1670	0	0	0	0	0	0	0	4	0.6862084018907997	0.6785188132629031
1671	0	0	0	0	0	0	0	6	0.4152370924513423	0.5920841916903207
1095	0	0	0	0	0	0	0	4	0.6862084018907997	0.6785188132629031
1097	0	0	0	0	0	0	0	6	0.4152370924513423	0.5920841916903207
1090	0	0	0	0	0	0	0	1	0.346467	0.254503
1091	0	0	0	0	0	0	0	5	0.6616940640119869	0.3396526755043133
1092	0	0	0	0	0	0	0	4	0.6862084018907997	0.6785188132629031
1534	0	0	0	0	0	0	0	5	0.6616940640119869	0.3396526755043133
674	0	0	0	0	0	0	0	4	0.6862084018907997	0.6785188132629031
1098	0	0	0	0	0	0	0	1	0.346467	0.254503
671	0	0	0	0	0	0	0	5	0.6616940640119869	0.3396526755043133
672	0	0	0	0	0	0	0	6	0.4152370924513423	0.5920841916903207
673	0	0	0	0	0	0	0	1	0.346467	0.254503
1997	0	0	0	0	0	0	0	6	0.4152370924513423	0.5920841916903207
1418	0	0	0	0	0	0	0	6	0.4152370924513423	0.5920841916903207
1419	0	0	0	0	0	0	0	1	0.346467	0.254503
1410	0	0	0	0	0	0	0	6	0.4152370924513423	0.5920841916903207
1412	0	0	0	0	0	0	0	4	0.6862084018907997	0.6785188132629031
1413	0	0	0	0	0	0	0	5	0.6616940640119869	0.3396526755043133
1414	0	0	0	0	0	0	0	1	0.346467	0.254503
1415	0	0	0	0	0	0	0	1	0.346467	0.254503
1416	0	0	0	0	0	0	0	6	0.4152370924513423	0.5920841916903207
1417	0	0	0	0	0	0	0	6	0.4152370924513423	0.5920841916903207
1323	0	0	0	0	0	0	0	1	0.346467	0.254503
1532	0	0	0	0	0	0	0	1	0.346467	0.254503
1326	0	0	0	0	0	0	0	6	0.4152370924513423	0.5920841916903207
1327	0	0	0	0	0	0	0	5	0.6616940640119869	0.3396526755043133
1325	0	0	0	0	0	0	0	1	0.346467	0.254503
1328	0	0	0	0	0	0	0	4	0.6862084018907997	0.6785188132629031
2494	0	0	0	0	0	0	0	1	0.346467	0.254503
2496	0	0	0	0	0	0	0	5	0.6616940640119869	0.3396526755043133
1254	0	0	0	0	0	0	0	4	0.6862084018907997	0.6785188132629031
1527	0	0	0	0	0	0	0	1	0.346467	0.254503
1520	0	0	0	0	0	0	0	1	0.346467	0.254503
1521	0	0	0	0	0	0	0	4	0.6862084018907997	0.6785188132629031
1522	0	0	0	0	0	0	0	1	0.346467	0.254503
1529	0	0	0	0	0	0	0	4	0.6862084018907997	0.6785188132629031
1258	0	0	0	0	0	0	0	6	0.4152370924513423	0.5920841916903207
1259	0	0	0	0	0	0	0	5	0.6616940640119869	0.3396526755043133
309	0	0	0	0	0	0	0	1	0.346467	0.254503
301	0	0	0	0	0	0	0	6	0.4152370924513423	0.5920841916903207
302	0	0	0	0	0	0	0	4	0.6862084018907997	0.6785188132629031
303	0	0	0	0	0	0	0	4	0.6862084018907997	0.6785188132629031
304	0	0	0	0	0	0	0	4	0.6862084018907997	0.6785188132629031
305	0	0	0	0	0	0	0	5	0.6616940640119869	0.3396526755043133
2474	0	0	0	0	0	0	0	5	0.6616940640119869	0.3396526755043133
470	0	0	0	0	0	0	0	1	0.346467	0.254503
2352	0	0	0	0	0	0	0	5	0.6616940640119869	0.3396526755043133
2353	0	0	0	0	0	0	0	5	0.6616940640119869	0.3396526755043133
2350	0	0	0	0	0	0	0	5	0.6616940640119869	0.3396526755043133
2351	0	0	0	0	0	0	0	1	0.346467	0.254503
2357	0	0	0	0	0	0	0	4	0.6862084018907997	0.6785188132629031
471	0	0	0	0	0	0	0	5	0.6616940640119869	0.3396526755043133
1898	0	0	0	0	0	0	0	6	0.4152370924513423	0.5920841916903207
1895	0	0	0	0	0	0	0	5	0.6616940640119869	0.3396526755043133
1896	0	0	0	0	0	0	0	2	0.346467	0.0
1897	0	0	0	0	0	0	0	4	0.6862084018907997	0.6785188132629031
1890	0	0	0	0	0	0	0	1	0.346467	0.254503
1892	0	0	0	0	0	0	0	5	0.6616940640119869	0.3396526755043133
1893	0	0	0	0	0	0	0	1	0.346467	0.254503
2136	0	0	0	0	0	0	0	1	0.346467	0.254503
2137	0	0	0	0	0	0	0	4	0.6862084018907997	0.6785188132629031
2135	0	0	0	0	0	0	0	5	0.6616940640119869	0.3396526755043133
2133	0	0	0	0	0	0	0	5	0.6616940640119869	0.3396526755043133
2130	0	0	0	0	0	0	0	5	0.6616940640119869	0.3396526755043133
2131	0	0	0	0	0	0	0	1	0.346467	0.254503
951	0	0	0	0	0	0	0	1	0.346467	0.254503
950	0	0	0	0	0	0	0	1	0.346467	0.254503
953	0	0	0	0	0	0	0	5	0.6616940640119869	0.3396526755043133
952	0	0	0	0	0	0	0	4	0.6862084018907997	0.6785188132629031
955	0	0	0	0	0	0	0	6	0.4152370924513423	0.5920841916903207
954	0	0	0	0	0	0	0	6	0.4152370924513423	0.5920841916903207
2138	0	0	0	0	0	0	0	5	0.6616940640119869	0.3396526755043133
2139	0	0	0	0	0	0	0	4	0.6862084018907997	0.6785188132629031
2648	0	0	0	0	0	0	0	1	0.346467	0.254503
2641	0	0	0	0	0	0	0	1	0.346467	0.254503
2642	0	0	0	0	0	0	0	6	0.4152370924513423	0.5920841916903207
2643	0	0	0	0	0	0	0	1	0.346467	0.254503
2644	0	0	0	0	0	0	0	1	0.346467	0.254503
2645	0	0	0	0	0	0	0	5	0.6616940640119869	0.3396526755043133
2646	0	0	0	0	0	0	0	5	0.6616940640119869	0.3396526755043133
2002	0	0	0	0	0	0	0	5	0.6616940640119869	0.3396526755043133
2003	0	0	0	0	0	0	0	6	0.4152370924513423	0.5920841916903207
2000	0	0	0	0	0	0	0	1	0.346467	0.254503
2004	0	0	0	0	0	0	0	6	0.4152370924513423	0.5920841916903207
2005	0	0	0	0	0	0	0	6	0.4152370924513423	0.5920841916903207
2008	0	0	0	0	0	0	0	4	0.6862084018907997	0.6785188132629031
2176	0	0	0	0	0	0	0	1	0.346467	0.254503
1261	0	0	0	0	0	0	0	6	0.4152370924513423	0.5920841916903207
1799	0	0	0	0	0	0	0	5	0.6616940640119869	0.3396526755043133
1798	0	0	0	0	0	0	0	4	0.6862084018907997	0.6785188132629031
716	0	0	0	0	0	0	0	6	0.4152370924513423	0.5920841916903207
715	0	0	0	0	0	0	0	2	0.346467	0.0
1790	0	0	0	0	0	0	0	1	0.346467	0.254503
712	0	0	0	0	0	0	0	5	0.6616940640119869	0.3396526755043133
711	0	0	0	0	0	0	0	1	0.346467	0.254503
1069	0	0	0	0	0	0	0	5	0.6616940640119869	0.3396526755043133
2179	0	0	0	0	0	0	0	1	0.346467	0.254503
1060	0	0	0	0	0	0	0	4	0.6862084018907997	0.6785188132629031
1063	0	0	0	0	0	0	0	1	0.346467	0.254503
1062	0	0	0	0	0	0	0	6	0.4152370924513423	0.5920841916903207
1064	0	0	0	0	0	0	0	6	0.4152370924513423	0.5920841916903207
1066	0	0	0	0	0	0	0	6	0.4152370924513423	0.5920841916903207
1669	0	0	0	0	0	0	0	5	0.6616940640119869	0.3396526755043133
1667	0	0	0	0	0	0	0	5	0.6616940640119869	0.3396526755043133
1663	0	0	0	0	0	0	0	1	0.346467	0.254503
1662	0	0	0	0	0	0	0	2	0.346467	0.0
1660	0	0	0	0	0	0	0	4	0.6862084018907997	0.6785188132629031
591	0	0	0	0	0	0	0	5	0.6616940640119869	0.3396526755043133
592	0	0	0	0	0	0	0	5	0.6616940640119869	0.3396526755043133
595	0	0	0	0	0	0	0	4	0.6862084018907997	0.6785188132629031
1082	0	0	0	0	0	0	0	1	0.346467	0.254503
597	0	0	0	0	0	0	0	1	0.346467	0.254503
596	0	0	0	0	0	0	0	5	0.6616940640119869	0.3396526755043133
599	0	0	0	0	0	0	0	1	0.346467	0.254503
598	0	0	0	0	0	0	0	5	0.6616940640119869	0.3396526755043133
1089	0	0	0	0	0	0	0	5	0.6616940640119869	0.3396526755043133
1088	0	0	0	0	0	0	0	5	0.6616940640119869	0.3396526755043133
1409	0	0	0	0	0	0	0	1	0.346467	0.254503
1402	0	0	0	0	0	0	0	5	0.6616940640119869	0.3396526755043133
1401	0	0	0	0	0	0	0	5	0.6616940640119869	0.3396526755043133
1400	0	0	0	0	0	0	0	1	0.346467	0.254503
1405	0	0	0	0	0	0	0	5	0.6616940640119869	0.3396526755043133
443	0	0	0	0	0	0	0	4	0.6862084018907997	0.6785188132629031
442	0	0	0	0	0	0	0	5	0.6616940640119869	0.3396526755043133
441	0	0	0	0	0	0	0	4	0.6862084018907997	0.6785188132629031
440	0	0	0	0	0	0	0	4	0.6862084018907997	0.6785188132629031
447	0	0	0	0	0	0	0	1	0.346467	0.254503
446	0	0	0	0	0	0	0	1	0.346467	0.254503
445	0	0	0	0	0	0	0	6	0.4152370924513423	0.5920841916903207
444	0	0	0	0	0	0	0	1	0.346467	0.254503
697	0	0	0	0	0	0	0	5	0.6616940640119869	0.3396526755043133
39	0	0	0	0	0	0	0	4	0.6862084018907997	0.6785188132629031
30	0	0	0	0	0	0	0	5	0.6616940640119869	0.3396526755043133
37	0	0	0	0	0	0	0	6	0.4152370924513423	0.5920841916903207
34	0	0	0	0	0	0	0	5	0.6616940640119869	0.3396526755043133
641	0	0	0	0	0	0	0	5	0.6616940640119869	0.3396526755043133
640	0	0	0	0	0	0	0	4	0.6862084018907997	0.6785188132629031
643	0	0	0	0	0	0	0	4	0.6862084018907997	0.6785188132629031
642	0	0	0	0	0	0	0	4	0.6862084018907997	0.6785188132629031
645	0	0	0	0	0	0	0	6	0.4152370924513423	0.5920841916903207
644	0	0	0	0	0	0	0	5	0.6616940640119869	0.3396526755043133
647	0	0	0	0	0	0	0	6	0.4152370924513423	0.5920841916903207
1246	0	0	0	0	0	0	0	1	0.346467	0.254503
649	0	0	0	0	0	0	0	1	0.346467	0.254503
1539	0	0	0	0	0	0	0	6	0.4152370924513423	0.5920841916903207
1538	0	0	0	0	0	0	0	4	0.6862084018907997	0.6785188132629031
338	0	0	0	0	0	0	0	5	0.6616940640119869	0.3396526755043133
335	0	0	0	0	0	0	0	5	0.6616940640119869	0.3396526755043133
337	0	0	0	0	0	0	0	5	0.6616940640119869	0.3396526755043133
336	0	0	0	0	0	0	0	1	0.346467	0.254503
333	0	0	0	0	0	0	0	1	0.346467	0.254503
332	0	0	0	0	0	0	0	1	0.346467	0.254503
2345	0	0	0	0	0	0	0	5	0.6616940640119869	0.3396526755043133
2344	0	0	0	0	0	0	0	1	0.346467	0.254503
2347	0	0	0	0	0	0	0	6	0.4152370924513423	0.5920841916903207
2346	0	0	0	0	0	0	0	1	0.346467	0.254503
2341	0	0	0	0	0	0	0	4	0.6862084018907997	0.6785188132629031
2340	0	0	0	0	0	0	0	1	0.346467	0.254503
2343	0	0	0	0	0	0	0	1	0.346467	0.254503
2348	0	0	0	0	0	0	0	4	0.6862084018907997	0.6785188132629031
1888	0	0	0	0	0	0	0	5	0.6616940640119869	0.3396526755043133
1887	0	0	0	0	0	0	0	5	0.6616940640119869	0.3396526755043133
1885	0	0	0	0	0	0	0	6	0.4152370924513423	0.5920841916903207
1883	0	0	0	0	0	0	0	6	0.4152370924513423	0.5920841916903207
2121	0	0	0	0	0	0	0	5	0.6616940640119869	0.3396526755043133
2123	0	0	0	0	0	0	0	1	0.346467	0.254503
2122	0	0	0	0	0	0	0	4	0.6862084018907997	0.6785188132629031
2125	0	0	0	0	0	0	0	1	0.346467	0.254503
2124	0	0	0	0	0	0	0	6	0.4152370924513423	0.5920841916903207
2127	0	0	0	0	0	0	0	6	0.4152370924513423	0.5920841916903207
949	0	0	0	0	0	0	0	5	0.6616940640119869	0.3396526755043133
946	0	0	0	0	0	0	0	4	0.6862084018907997	0.6785188132629031
947	0	0	0	0	0	0	0	6	0.4152370924513423	0.5920841916903207
944	0	0	0	0	0	0	0	1	0.346467	0.254503
943	0	0	0	0	0	0	0	1	0.346467	0.254503
940	0	0	0	0	0	0	0	4	0.6862084018907997	0.6785188132629031
941	0	0	0	0	0	0	0	4	0.6862084018907997	0.6785188132629031
2658	0	0	0	0	0	0	0	1	0.346467	0.254503
2653	0	0	0	0	0	0	0	1	0.346467	0.254503
2652	0	0	0	0	0	0	0	1	0.346467	0.254503
2651	0	0	0	0	0	0	0	4	0.6862084018907997	0.6785188132629031
2650	0	0	0	0	0	0	0	4	0.6862084018907997	0.6785188132629031
2657	0	0	0	0	0	0	0	5	0.6616940640119869	0.3396526755043133
2655	0	0	0	0	0	0	0	4	0.6862084018907997	0.6785188132629031
2654	0	0	0	0	0	0	0	4	0.6862084018907997	0.6785188132629031
132	0	0	0	0	0	0	0	1	0.346467	0.254503
137	0	0	0	0	0	0	0	5	0.6616940640119869	0.3396526755043133
135	0	0	0	0	0	0	0	5	0.6616940640119869	0.3396526755043133
134	0	0	0	0	0	0	0	6	0.4152370924513423	0.5920841916903207
138	0	0	0	0	0	0	0	1	0.346467	0.254503
2018	0	0	0	0	0	0	0	6	0.4152370924513423	0.5920841916903207
2014	0	0	0	0	0	0	0	1	0.346467	0.254503
2017	0	0	0	0	0	0	0	1	0.346467	0.254503
2013	0	0	0	0	0	0	0	6	0.4152370924513423	0.5920841916903207
2012	0	0	0	0	0	0	0	6	0.4152370924513423	0.5920841916903207
183	0	0	0	0	0	0	0	4	0.6862084018907997	0.6785188132629031
708	0	0	0	0	0	0	0	5	0.6616940640119869	0.3396526755043133
709	0	0	0	0	0	0	0	1	0.346467	0.254503
705	0	0	0	0	0	0	0	4	0.6862084018907997	0.6785188132629031
706	0	0	0	0	0	0	0	4	0.6862084018907997	0.6785188132629031
707	0	0	0	0	0	0	0	2	0.346467	0.0
700	0	0	0	0	0	0	0	4	0.6862084018907997	0.6785188132629031
89	0	0	0	0	0	0	0	5	0.6616940640119869	0.3396526755043133
83	0	0	0	0	0	0	0	1	0.346467	0.254503
80	0	0	0	0	0	0	0	1	0.346467	0.254503
81	0	0	0	0	0	0	0	4	0.6862084018907997	0.6785188132629031
86	0	0	0	0	0	0	0	5	0.6616940640119869	0.3396526755043133
84	0	0	0	0	0	0	0	6	0.4152370924513423	0.5920841916903207
85	0	0	0	0	0	0	0	5	0.6616940640119869	0.3396526755043133
762	0	0	0	0	0	0	0	4	0.6862084018907997	0.6785188132629031
1658	0	0	0	0	0	0	0	5	0.6616940640119869	0.3396526755043133
1652	0	0	0	0	0	0	0	1	0.346467	0.254503
1653	0	0	0	0	0	0	0	1	0.346467	0.254503
1650	0	0	0	0	0	0	0	6	0.4152370924513423	0.5920841916903207
1656	0	0	0	0	0	0	0	1	0.346467	0.254503
1657	0	0	0	0	0	0	0	6	0.4152370924513423	0.5920841916903207
1654	0	0	0	0	0	0	0	4	0.6862084018907997	0.6785188132629031
1655	0	0	0	0	0	0	0	4	0.6862084018907997	0.6785188132629031
587	0	0	0	0	0	0	0	6	0.4152370924513423	0.5920841916903207
585	0	0	0	0	0	0	0	1	0.346467	0.254503
582	0	0	0	0	0	0	0	5	0.6616940640119869	0.3396526755043133
583	0	0	0	0	0	0	0	4	0.6862084018907997	0.6785188132629031
581	0	0	0	0	0	0	0	5	0.6616940640119869	0.3396526755043133
1632	0	0	0	0	0	0	0	1	0.346467	0.254503
1436	0	0	0	0	0	0	0	5	0.6616940640119869	0.3396526755043133
1434	0	0	0	0	0	0	0	4	0.6862084018907997	0.6785188132629031
1435	0	0	0	0	0	0	0	1	0.346467	0.254503
1432	0	0	0	0	0	0	0	1	0.346467	0.254503
1430	0	0	0	0	0	0	0	4	0.6862084018907997	0.6785188132629031
1431	0	0	0	0	0	0	0	5	0.6616940640119869	0.3396526755043133
1439	0	0	0	0	0	0	0	4	0.6862084018907997	0.6785188132629031
459	0	0	0	0	0	0	0	1	0.346467	0.254503
1340	0	0	0	0	0	0	0	5	0.6616940640119869	0.3396526755043133
1341	0	0	0	0	0	0	0	1	0.346467	0.254503
1342	0	0	0	0	0	0	0	1	0.346467	0.254503
453	0	0	0	0	0	0	0	4	0.6862084018907997	0.6785188132629031
1344	0	0	0	0	0	0	0	2	0.346467	0.0
455	0	0	0	0	0	0	0	6	0.4152370924513423	0.5920841916903207
1346	0	0	0	0	0	0	0	1	0.346467	0.254503
457	0	0	0	0	0	0	0	4	0.6862084018907997	0.6785188132629031
656	0	0	0	0	0	0	0	1	0.346467	0.254503
657	0	0	0	0	0	0	0	5	0.6616940640119869	0.3396526755043133
1500	0	0	0	0	0	0	0	5	0.6616940640119869	0.3396526755043133
655	0	0	0	0	0	0	0	1	0.346467	0.254503
652	0	0	0	0	0	0	0	5	0.6616940640119869	0.3396526755043133
653	0	0	0	0	0	0	0	1	0.346467	0.254503
650	0	0	0	0	0	0	0	5	0.6616940640119869	0.3396526755043133
651	0	0	0	0	0	0	0	5	0.6616940640119869	0.3396526755043133
1508	0	0	0	0	0	0	0	5	0.6616940640119869	0.3396526755043133
1509	0	0	0	0	0	0	0	4	0.6862084018907997	0.6785188132629031
658	0	0	0	0	0	0	0	6	0.4152370924513423	0.5920841916903207
948	0	0	0	0	0	0	0	5	0.6616940640119869	0.3396526755043133
2126	0	0	0	0	0	0	0	6	0.4152370924513423	0.5920841916903207
2129	0	0	0	0	0	0	0	6	0.4152370924513423	0.5920841916903207
322	0	0	0	0	0	0	0	6	0.4152370924513423	0.5920841916903207
323	0	0	0	0	0	0	0	1	0.346467	0.254503
321	0	0	0	0	0	0	0	5	0.6616940640119869	0.3396526755043133
326	0	0	0	0	0	0	0	1	0.346467	0.254503
327	0	0	0	0	0	0	0	5	0.6616940640119869	0.3396526755043133
324	0	0	0	0	0	0	0	5	0.6616940640119869	0.3396526755043133
325	0	0	0	0	0	0	0	6	0.4152370924513423	0.5920841916903207
329	0	0	0	0	0	0	0	5	0.6616940640119869	0.3396526755043133
2330	0	0	0	0	0	0	0	6	0.4152370924513423	0.5920841916903207
2333	0	0	0	0	0	0	0	1	0.346467	0.254503
2334	0	0	0	0	0	0	0	2	0.346467	0.0
2336	0	0	0	0	0	0	0	4	0.6862084018907997	0.6785188132629031
2337	0	0	0	0	0	0	0	6	0.4152370924513423	0.5920841916903207
2338	0	0	0	0	0	0	0	5	0.6616940640119869	0.3396526755043133
2339	0	0	0	0	0	0	0	5	0.6616940640119869	0.3396526755043133
2488	0	0	0	0	0	0	0	1	0.346467	0.254503
2575	0	0	0	0	0	0	0	5	0.6616940640119869	0.3396526755043133
2486	0	0	0	0	0	0	0	5	0.6616940640119869	0.3396526755043133
2487	0	0	0	0	0	0	0	5	0.6616940640119869	0.3396526755043133
2484	0	0	0	0	0	0	0	1	0.346467	0.254503
2485	0	0	0	0	0	0	0	1	0.346467	0.254503
2483	0	0	0	0	0	0	0	4	0.6862084018907997	0.6785188132629031
2480	0	0	0	0	0	0	0	5	0.6616940640119869	0.3396526755043133
2481	0	0	0	0	0	0	0	4	0.6862084018907997	0.6785188132629031
2248	0	0	0	0	0	0	0	5	0.6616940640119869	0.3396526755043133
2249	0	0	0	0	0	0	0	1	0.346467	0.254503
2244	0	0	0	0	0	0	0	5	0.6616940640119869	0.3396526755043133
2245	0	0	0	0	0	0	0	6	0.4152370924513423	0.5920841916903207
2241	0	0	0	0	0	0	0	5	0.6616940640119869	0.3396526755043133
2243	0	0	0	0	0	0	0	5	0.6616940640119869	0.3396526755043133
2464	0	0	0	0	0	0	0	4	0.6862084018907997	0.6785188132629031
994	0	0	0	0	0	0	0	1	0.346467	0.254503
2466	0	0	0	0	0	0	0	1	0.346467	0.254503
996	0	0	0	0	0	0	0	6	0.4152370924513423	0.5920841916903207
991	0	0	0	0	0	0	0	6	0.4152370924513423	0.5920841916903207
990	0	0	0	0	0	0	0	4	0.6862084018907997	0.6785188132629031
993	0	0	0	0	0	0	0	1	0.346467	0.254503
992	0	0	0	0	0	0	0	1	0.346467	0.254503
2468	0	0	0	0	0	0	0	1	0.346467	0.254503
998	0	0	0	0	0	0	0	5	0.6616940640119869	0.3396526755043133
120	0	0	0	0	0	0	0	1	0.346467	0.254503
121	0	0	0	0	0	0	0	4	0.6862084018907997	0.6785188132629031
122	0	0	0	0	0	0	0	5	0.6616940640119869	0.3396526755043133
123	0	0	0	0	0	0	0	4	0.6862084018907997	0.6785188132629031
125	0	0	0	0	0	0	0	5	0.6616940640119869	0.3396526755043133
126	0	0	0	0	0	0	0	5	0.6616940640119869	0.3396526755043133
127	0	0	0	0	0	0	0	5	0.6616940640119869	0.3396526755043133
128	0	0	0	0	0	0	0	2	0.346467	0.0
129	0	0	0	0	0	0	0	5	0.6616940640119869	0.3396526755043133
2069	0	0	0	0	0	0	0	1	0.346467	0.254503
2060	0	0	0	0	0	0	0	5	0.6616940640119869	0.3396526755043133
2061	0	0	0	0	0	0	0	5	0.6616940640119869	0.3396526755043133
2063	0	0	0	0	0	0	0	5	0.6616940640119869	0.3396526755043133
2065	0	0	0	0	0	0	0	4	0.6862084018907997	0.6785188132629031
2067	0	0	0	0	0	0	0	1	0.346467	0.254503
2666	0	0	0	0	0	0	0	5	0.6616940640119869	0.3396526755043133
2667	0	0	0	0	0	0	0	4	0.6862084018907997	0.6785188132629031
2664	0	0	0	0	0	0	0	5	0.6616940640119869	0.3396526755043133
2665	0	0	0	0	0	0	0	1	0.346467	0.254503
2662	0	0	0	0	0	0	0	1	0.346467	0.254503
2663	0	0	0	0	0	0	0	1	0.346467	0.254503
2660	0	0	0	0	0	0	0	1	0.346467	0.254503
722	0	0	0	0	0	0	0	6	0.4152370924513423	0.5920841916903207
2668	0	0	0	0	0	0	0	1	0.346467	0.254503
1645	0	0	0	0	0	0	0	1	0.346467	0.254503
1644	0	0	0	0	0	0	0	5	0.6616940640119869	0.3396526755043133
1646	0	0	0	0	0	0	0	4	0.6862084018907997	0.6785188132629031
1640	0	0	0	0	0	0	0	1	0.346467	0.254503
1643	0	0	0	0	0	0	0	4	0.6862084018907997	0.6785188132629031
1642	0	0	0	0	0	0	0	5	0.6616940640119869	0.3396526755043133
1649	0	0	0	0	0	0	0	5	0.6616940640119869	0.3396526755043133
1648	0	0	0	0	0	0	0	6	0.4152370924513423	0.5920841916903207
729	0	0	0	0	0	0	0	1	0.346467	0.254503
1252	0	0	0	0	0	0	0	5	0.6616940640119869	0.3396526755043133
578	0	0	0	0	0	0	0	5	0.6616940640119869	0.3396526755043133
571	0	0	0	0	0	0	0	5	0.6616940640119869	0.3396526755043133
570	0	0	0	0	0	0	0	5	0.6616940640119869	0.3396526755043133
577	0	0	0	0	0	0	0	6	0.4152370924513423	0.5920841916903207
576	0	0	0	0	0	0	0	1	0.346467	0.254503
575	0	0	0	0	0	0	0	6	0.4152370924513423	0.5920841916903207
574	0	0	0	0	0	0	0	1	0.346467	0.254503
1420	0	0	0	0	0	0	0	4	0.6862084018907997	0.6785188132629031
1423	0	0	0	0	0	0	0	6	0.4152370924513423	0.5920841916903207
1425	0	0	0	0	0	0	0	1	0.346467	0.254503
1427	0	0	0	0	0	0	0	4	0.6862084018907997	0.6785188132629031
1426	0	0	0	0	0	0	0	6	0.4152370924513423	0.5920841916903207
1429	0	0	0	0	0	0	0	1	0.346467	0.254503
1428	0	0	0	0	0	0	0	5	0.6616940640119869	0.3396526755043133
2156	0	0	0	0	0	0	0	5	0.6616940640119869	0.3396526755043133
731	0	0	0	0	0	0	0	5	0.6616940640119869	0.3396526755043133
730	0	0	0	0	0	0	0	1	0.346467	0.254503
735	0	0	0	0	0	0	0	1	0.346467	0.254503
734	0	0	0	0	0	0	0	1	0.346467	0.254503
737	0	0	0	0	0	0	0	6	0.4152370924513423	0.5920841916903207
736	0	0	0	0	0	0	0	1	0.346467	0.254503
739	0	0	0	0	0	0	0	1	0.346467	0.254503
738	0	0	0	0	0	0	0	1	0.346467	0.254503
1359	0	0	0	0	0	0	0	6	0.4152370924513423	0.5920841916903207
2400	0	0	0	0	0	0	0	4	0.6862084018907997	0.6785188132629031
1353	0	0	0	0	0	0	0	4	0.6862084018907997	0.6785188132629031
464	0	0	0	0	0	0	0	5	0.6616940640119869	0.3396526755043133
1351	0	0	0	0	0	0	0	1	0.346467	0.254503
466	0	0	0	0	0	0	0	4	0.6862084018907997	0.6785188132629031
461	0	0	0	0	0	0	0	4	0.6862084018907997	0.6785188132629031
460	0	0	0	0	0	0	0	5	0.6616940640119869	0.3396526755043133
463	0	0	0	0	0	0	0	4	0.6862084018907997	0.6785188132629031
462	0	0	0	0	0	0	0	5	0.6616940640119869	0.3396526755043133
2158	0	0	0	0	0	0	0	6	0.4152370924513423	0.5920841916903207
1519	0	0	0	0	0	0	0	4	0.6862084018907997	0.6785188132629031
1514	0	0	0	0	0	0	0	6	0.4152370924513423	0.5920841916903207
1517	0	0	0	0	0	0	0	2	0.346467	0.0
2409	0	0	0	0	0	0	0	1	0.346467	0.254503
1511	0	0	0	0	0	0	0	5	0.6616940640119869	0.3396526755043133
1513	0	0	0	0	0	0	0	1	0.346467	0.254503
357	0	0	0	0	0	0	0	5	0.6616940640119869	0.3396526755043133
356	0	0	0	0	0	0	0	4	0.6862084018907997	0.6785188132629031
355	0	0	0	0	0	0	0	4	0.6862084018907997	0.6785188132629031
354	0	0	0	0	0	0	0	4	0.6862084018907997	0.6785188132629031
352	0	0	0	0	0	0	0	5	0.6616940640119869	0.3396526755043133
350	0	0	0	0	0	0	0	5	0.6616940640119869	0.3396526755043133
358	0	0	0	0	0	0	0	4	0.6862084018907997	0.6785188132629031
2323	0	0	0	0	0	0	0	4	0.6862084018907997	0.6785188132629031
2321	0	0	0	0	0	0	0	5	0.6616940640119869	0.3396526755043133
2320	0	0	0	0	0	0	0	1	0.346467	0.254503
2327	0	0	0	0	0	0	0	6	0.4152370924513423	0.5920841916903207
2326	0	0	0	0	0	0	0	4	0.6862084018907997	0.6785188132629031
2325	0	0	0	0	0	0	0	1	0.346467	0.254503
1110	0	0	0	0	0	0	0	5	0.6616940640119869	0.3396526755043133
289	0	0	0	0	0	0	0	5	0.6616940640119869	0.3396526755043133
288	0	0	0	0	0	0	0	4	0.6862084018907997	0.6785188132629031
280	0	0	0	0	0	0	0	5	0.6616940640119869	0.3396526755043133
283	0	0	0	0	0	0	0	6	0.4152370924513423	0.5920841916903207
284	0	0	0	0	0	0	0	1	0.346467	0.254503
286	0	0	0	0	0	0	0	4	0.6862084018907997	0.6785188132629031
1116	0	0	0	0	0	0	0	1	0.346467	0.254503
263	0	0	0	0	0	0	0	4	0.6862084018907997	0.6785188132629031
261	0	0	0	0	0	0	0	5	0.6616940640119869	0.3396526755043133
260	0	0	0	0	0	0	0	1	0.346467	0.254503
267	0	0	0	0	0	0	0	1	0.346467	0.254503
266	0	0	0	0	0	0	0	6	0.4152370924513423	0.5920841916903207
269	0	0	0	0	0	0	0	5	0.6616940640119869	0.3396526755043133
2491	0	0	0	0	0	0	0	1	0.346467	0.254503
2490	0	0	0	0	0	0	0	1	0.346467	0.254503
2493	0	0	0	0	0	0	0	6	0.4152370924513423	0.5920841916903207
2492	0	0	0	0	0	0	0	5	0.6616940640119869	0.3396526755043133
2495	0	0	0	0	0	0	0	6	0.4152370924513423	0.5920841916903207
2192	0	0	0	0	0	0	0	1	0.346467	0.254503
1297	0	0	0	0	0	0	0	5	0.6616940640119869	0.3396526755043133
2193	0	0	0	0	0	0	0	5	0.6616940640119869	0.3396526755043133
2258	0	0	0	0	0	0	0	1	0.346467	0.254503
2257	0	0	0	0	0	0	0	2	0.346467	0.0
2254	0	0	0	0	0	0	0	4	0.6862084018907997	0.6785188132629031
2253	0	0	0	0	0	0	0	1	0.346467	0.254503
2252	0	0	0	0	0	0	0	5	0.6616940640119869	0.3396526755043133
2251	0	0	0	0	0	0	0	1	0.346467	0.254503
2250	0	0	0	0	0	0	0	6	0.4152370924513423	0.5920841916903207
2477	0	0	0	0	0	0	0	5	0.6616940640119869	0.3396526755043133
2476	0	0	0	0	0	0	0	1	0.346467	0.254503
989	0	0	0	0	0	0	0	1	0.346467	0.254503
2472	0	0	0	0	0	0	0	5	0.6616940640119869	0.3396526755043133
2471	0	0	0	0	0	0	0	4	0.6862084018907997	0.6785188132629031
982	0	0	0	0	0	0	0	6	0.4152370924513423	0.5920841916903207
981	0	0	0	0	0	0	0	6	0.4152370924513423	0.5920841916903207
986	0	0	0	0	0	0	0	5	0.6616940640119869	0.3396526755043133
987	0	0	0	0	0	0	0	4	0.6862084018907997	0.6785188132629031
115	0	0	0	0	0	0	0	1	0.346467	0.254503
111	0	0	0	0	0	0	0	5	0.6616940640119869	0.3396526755043133
110	0	0	0	0	0	0	0	1	0.346467	0.254503
113	0	0	0	0	0	0	0	4	0.6862084018907997	0.6785188132629031
112	0	0	0	0	0	0	0	5	0.6616940640119869	0.3396526755043133
119	0	0	0	0	0	0	0	6	0.4152370924513423	0.5920841916903207
118	0	0	0	0	0	0	0	4	0.6862084018907997	0.6785188132629031
2078	0	0	0	0	0	0	0	5	0.6616940640119869	0.3396526755043133
2073	0	0	0	0	0	0	0	6	0.4152370924513423	0.5920841916903207
2072	0	0	0	0	0	0	0	6	0.4152370924513423	0.5920841916903207
2070	0	0	0	0	0	0	0	6	0.4152370924513423	0.5920841916903207
2077	0	0	0	0	0	0	0	5	0.6616940640119869	0.3396526755043133
2076	0	0	0	0	0	0	0	6	0.4152370924513423	0.5920841916903207
2075	0	0	0	0	0	0	0	1	0.346467	0.254503
2074	0	0	0	0	0	0	0	2	0.346467	0.0
2671	0	0	0	0	0	0	0	6	0.4152370924513423	0.5920841916903207
2673	0	0	0	0	0	0	0	1	0.346467	0.254503
2675	0	0	0	0	0	0	0	4	0.6862084018907997	0.6785188132629031
2674	0	0	0	0	0	0	0	6	0.4152370924513423	0.5920841916903207
2679	0	0	0	0	0	0	0	5	0.6616940640119869	0.3396526755043133
1986	0	0	0	0	0	0	0	6	0.4152370924513423	0.5920841916903207
1631	0	0	0	0	0	0	0	1	0.346467	0.254503
1984	0	0	0	0	0	0	0	1	0.346467	0.254503
484	0	0	0	0	0	0	0	1	0.346467	0.254503
1983	0	0	0	0	0	0	0	4	0.6862084018907997	0.6785188132629031
1636	0	0	0	0	0	0	0	1	0.346467	0.254503
1981	0	0	0	0	0	0	0	5	0.6616940640119869	0.3396526755043133
1988	0	0	0	0	0	0	0	5	0.6616940640119869	0.3396526755043133
1989	0	0	0	0	0	0	0	5	0.6616940640119869	0.3396526755043133
568	0	0	0	0	0	0	0	5	0.6616940640119869	0.3396526755043133
569	0	0	0	0	0	0	0	1	0.346467	0.254503
561	0	0	0	0	0	0	0	4	0.6862084018907997	0.6785188132629031
562	0	0	0	0	0	0	0	1	0.346467	0.254503
563	0	0	0	0	0	0	0	5	0.6616940640119869	0.3396526755043133
565	0	0	0	0	0	0	0	5	0.6616940640119869	0.3396526755043133
1189	0	0	0	0	0	0	0	5	0.6616940640119869	0.3396526755043133
1187	0	0	0	0	0	0	0	1	0.346467	0.254503
1182	0	0	0	0	0	0	0	4	0.6862084018907997	0.6785188132629031
1183	0	0	0	0	0	0	0	5	0.6616940640119869	0.3396526755043133
726	0	0	0	0	0	0	0	1	0.346467	0.254503
727	0	0	0	0	0	0	0	5	0.6616940640119869	0.3396526755043133
724	0	0	0	0	0	0	0	4	0.6862084018907997	0.6785188132629031
1748	0	0	0	0	0	0	0	4	0.6862084018907997	0.6785188132629031
1749	0	0	0	0	0	0	0	1	0.346467	0.254503
721	0	0	0	0	0	0	0	1	0.346467	0.254503
1745	0	0	0	0	0	0	0	5	0.6616940640119869	0.3396526755043133
1746	0	0	0	0	0	0	0	6	0.4152370924513423	0.5920841916903207
1747	0	0	0	0	0	0	0	1	0.346467	0.254503
1741	0	0	0	0	0	0	0	6	0.4152370924513423	0.5920841916903207
728	0	0	0	0	0	0	0	5	0.6616940640119869	0.3396526755043133
1743	0	0	0	0	0	0	0	5	0.6616940640119869	0.3396526755043133
1167	0	0	0	0	0	0	0	4	0.6862084018907997	0.6785188132629031
1160	0	0	0	0	0	0	0	1	0.346467	0.254503
1168	0	0	0	0	0	0	0	1	0.346467	0.254503
48	0	0	0	0	0	0	0	1	0.346467	0.254503
46	0	0	0	0	0	0	0	5	0.6616940640119869	0.3396526755043133
47	0	0	0	0	0	0	0	1	0.346467	0.254503
42	0	0	0	0	0	0	0	5	0.6616940640119869	0.3396526755043133
43	0	0	0	0	0	0	0	6	0.4152370924513423	0.5920841916903207
41	0	0	0	0	0	0	0	6	0.4152370924513423	0.5920841916903207
1568	0	0	0	0	0	0	0	6	0.4152370924513423	0.5920841916903207
1569	0	0	0	0	0	0	0	1	0.346467	0.254503
1298	0	0	0	0	0	0	0	1	0.346467	0.254503
1299	0	0	0	0	0	0	0	5	0.6616940640119869	0.3396526755043133
1292	0	0	0	0	0	0	0	5	0.6616940640119869	0.3396526755043133
1293	0	0	0	0	0	0	0	1	0.346467	0.254503
1290	0	0	0	0	0	0	0	4	0.6862084018907997	0.6785188132629031
1563	0	0	0	0	0	0	0	1	0.346467	0.254503
1296	0	0	0	0	0	0	0	1	0.346467	0.254503
1565	0	0	0	0	0	0	0	4	0.6862084018907997	0.6785188132629031
1566	0	0	0	0	0	0	0	6	0.4152370924513423	0.5920841916903207
1713	0	0	0	0	0	0	0	5	0.6616940640119869	0.3396526755043133
474	0	0	0	0	0	0	0	4	0.6862084018907997	0.6785188132629031
1712	0	0	0	0	0	0	0	5	0.6616940640119869	0.3396526755043133
1711	0	0	0	0	0	0	0	6	0.4152370924513423	0.5920841916903207
2425	0	0	0	0	0	0	0	1	0.346467	0.254503
1715	0	0	0	0	0	0	0	5	0.6616940640119869	0.3396526755043133
1366	0	0	0	0	0	0	0	1	0.346467	0.254503
1364	0	0	0	0	0	0	0	5	0.6616940640119869	0.3396526755043133
1365	0	0	0	0	0	0	0	1	0.346467	0.254503
1362	0	0	0	0	0	0	0	4	0.6862084018907997	0.6785188132629031
1363	0	0	0	0	0	0	0	5	0.6616940640119869	0.3396526755043133
1360	0	0	0	0	0	0	0	6	0.4152370924513423	0.5920841916903207
475	0	0	0	0	0	0	0	1	0.346467	0.254503
1369	0	0	0	0	0	0	0	1	0.346467	0.254503
